Transaction_ID,Order_Date,Customer_ID,Customer_Age,Customer_Gender,Product_Category,Product_Name,Quantity,Unit_Price,Discount_Rate,Total_Sales,Region
TXN-0001,2023-02-27,CUST-1377,52,Female,Home Appliances,Microwave Oven,5,180.0,0.25,675.0,East
TXN-0002,2023-05-23,CUST-1047,40,Male,Apparel,T-Shirt,3,25.0,0.05,71.25,South
TXN-0003,2023-02-21,CUST-1083,35,Male,Home Appliances,Vacuum Cleaner,3,160.0,0.05,456.0,South
TXN-0004,2023-10-18,CUST-1452,34,Female,Home Appliances,Coffee Maker,2,75.0,0.0,150.0,East
TXN-0005,2023-02-02,CUST-1128,18,Male,Apparel,Hat,3,18.0,0.15,45.9,South
TXN-0006,2023-11-24,CUST-1082,51,Female,Home Appliances,Vacuum Cleaner,3,160.0,0.05,456.0,North
TXN-0007,2023-12-04,CUST-1310,52,Male,Electronics,Tablet,5,350.0,0.0,1750.0,North
TXN-0008,2023-11-20,CUST-1169,60,Female,Electronics,Laptop,4,950.0,0.2,3040.0,North
TXN-0009,2023-07-26,CUST-1098,45,Female,Electronics,Smartphone,1,550.0,0.0,550.0,West
TXN-0010,2023-07-25,CUST-1135,36,Female,Electronics,Smartwatch,5,200.0,0.05,950.0,West
TXN-0011,2023-04-06,CUST-1206,33,Male,Electronics,Laptop,3,950.0,0.15,2422.5,North
TXN-0012,2023-02-21,CUST-1477,33,Male,Apparel,Hat,5,18.0,0.05,85.5,West
TXN-0013,2023-05-20,CUST-1351,49,Male,Electronics,Tablet,2,350.0,0.25,525.0,North
TXN-0014,2023-01-19,CUST-1021,68,Male,Apparel,Running Shoes,5,85.0,0.1,382.5,North
TXN-0015,2023-06-20,CUST-1415,62,Male,Electronics,Tablet,2,350.0,0.05,665.0,West
TXN-0016,2023-01-15,CUST-1135,43,Female,Apparel,T-Shirt,5,25.0,0.25,93.75,South
TXN-0017,2023-08-09,CUST-1339,37,Female,Apparel,T-Shirt,4,25.0,0.25,75.0,North
TXN-0018,2023-06-14,CUST-1242,65,Male,Home Appliances,Microwave Oven,3,180.0,0.0,540.0,North
TXN-0019,2023-08-01,CUST-1253,62,Unknown,Apparel,Jacket,5,110.0,0.1,495.0,West
TXN-0020,2023-09-16,CUST-1441,33,Male,Apparel,Hat,3,18.0,0.05,51.3,North
TXN-0021,2023-05-20,GUEST-UNKNOWN,43,Female,Electronics,Smartwatch,1,200.0,0.15,170.0,East
TXN-0022,2023-08-04,CUST-1026,59,Male,Electronics,Wireless Headphones,2,120.0,0.2,192.0,North
TXN-0023,2023-03-25,CUST-1294,43,Male,Home Appliances,Air Conditioner,5,650.0,0.0,3250.0,East
TXN-0024,2023-08-04,CUST-1456,45,Female,Electronics,Smartphone,4,550.0,0.05,2090.0,East
TXN-0025,2023-01-15,CUST-1408,56,Male,Apparel,T-Shirt,4,25.0,0.2,80.0,South
TXN-0026,2023-07-27,CUST-1242,65,Female,Electronics,Smartwatch,3,200.0,0.1,540.0,North
TXN-0027,2023-02-21,CUST-1007,20,Female,Electronics,Wireless Headphones,1,120.0,0.05,114.0,West
TXN-0028,2023-10-23,CUST-1288,33,Female,Electronics,Laptop,4,950.0,0.05,3610.0,South
TXN-0029,2023-05-12,CUST-1080,43,Female,Electronics,Wireless Headphones,4,120.0,0.25,360.0,North
TXN-0030,2023-05-17,CUST-1304,36,Female,Home Appliances,Coffee Maker,1,75.0,0.05,71.25,North
TXN-0031,2023-12-11,GUEST-UNKNOWN,59,Male,Home Appliances,Air Conditioner,4,650.0,0.1,2340.0,West
TXN-0032,2023-08-21,CUST-1395,18,Female,Electronics,Smartphone,4,550.0,0.15,1870.0,North
TXN-0033,2023-03-05,CUST-1208,25,Male,Home Appliances,Air Conditioner,3,650.0,0.1,1755.0,North
TXN-0034,2023-08-01,CUST-1371,60,Male,Electronics,Wireless Headphones,4,120.0,0.2,384.0,East
TXN-0035,2023-12-06,CUST-1018,39,Female,Apparel,Jeans,2,60.0,0.2,96.0,East
TXN-0036,2023-11-17,CUST-1035,36,Male,Apparel,T-Shirt,2,25.0,0.15,42.5,North
TXN-0037,2023-03-31,CUST-1123,32,Male,Electronics,Tablet,5,350.0,0.2,1400.0,West
TXN-0038,2023-05-02,CUST-1358,60,Male,Electronics,Laptop,3,950.0,0.1,2565.0,North
TXN-0039,2023-03-14,CUST-1203,41,Female,Electronics,Laptop,3,950.0,0.1,2565.0,North
TXN-0040,2023-11-28,CUST-1154,20,Male,Electronics,Smartwatch,4,200.0,0.25,600.0,West
TXN-0041,2023-07-28,CUST-1227,24,Female,Apparel,Hat,4,18.0,0.05,68.4,South
TXN-0042,2023-10-11,CUST-1168,56,Unknown,Electronics,Laptop,1,950.0,0.0,950.0,North
TXN-0043,2023-01-27,CUST-1032,50,Female,Electronics,Wireless Headphones,5,120.0,0.2,480.0,North
TXN-0044,2023-11-08,CUST-1299,56,Female,Apparel,T-Shirt,5,25.0,0.1,112.5,East
TXN-0045,2023-06-10,CUST-1472,23,Male,Apparel,Jeans,5,60.0,0.2,240.0,East
TXN-0046,2023-10-23,CUST-1433,41,Male,Electronics,Laptop,5,950.0,0.15,4037.5,East
TXN-0047,2023-04-03,CUST-1379,65,Female,Electronics,Smartphone,5,550.0,0.05,2612.5,West
TXN-0048,2023-05-20,CUST-1145,51,Male,Apparel,Jeans,2,60.0,0.2,96.0,West
TXN-0049,2023-12-09,CUST-1021,22,Female,Apparel,Running Shoes,1,85.0,0.2,68.0,South
TXN-0050,2023-10-29,CUST-1381,28,Male,Apparel,Jeans,2,60.0,0.25,90.0,West
TXN-0051,2023-10-16,CUST-1289,38,Female,Apparel,Jacket,5,110.0,0.05,522.5,North
TXN-0052,2023-11-01,CUST-1405,54,Female,Apparel,Hat,3,18.0,0.05,51.3,North
TXN-0053,2023-07-10,CUST-1306,43,Female,Apparel,T-Shirt,5,25.0,0.1,112.5,North
TXN-0054,2023-10-04,GUEST-UNKNOWN,26,Male,Apparel,Running Shoes,4,85.0,0.2,272.0,South
TXN-0055,2023-12-14,CUST-1195,28,Female,Apparel,T-Shirt,1,25.0,0.0,25.0,East
TXN-0056,2023-04-24,CUST-1202,23,Male,Electronics,Laptop,2,950.0,0.2,1520.0,North
TXN-0057,2023-12-05,CUST-1270,33,Male,Electronics,Smartphone,5,550.0,0.15,2337.5,North
TXN-0058,2023-03-09,CUST-1397,30,Unknown,Home Appliances,Refrigerator,5,850.0,0.15,3612.5,North
TXN-0059,2023-07-08,CUST-1197,62,Female,Home Appliances,Air Conditioner,2,650.0,0.0,1300.0,East
TXN-0060,2023-12-20,CUST-1466,35,Male,Electronics,Tablet,1,350.0,0.0,350.0,East
TXN-0061,2023-01-17,CUST-1190,26,Female,Apparel,Hat,4,18.0,0.2,57.6,South
TXN-0062,2023-03-11,CUST-1044,38,Male,Electronics,Laptop,2,950.0,0.1,1710.0,West
TXN-0063,2023-10-10,CUST-1203,51,Female,Home Appliances,Air Conditioner,4,650.0,0.25,1950.0,North
TXN-0064,2023-05-03,CUST-1478,51,Male,Home Appliances,Vacuum Cleaner,1,160.0,0.1,144.0,North
TXN-0065,2023-01-15,CUST-1135,44,Male,Electronics,Smartphone,4,550.0,0.0,2200.0,North
TXN-0066,2023-06-10,CUST-1499,50,Female,Electronics,Tablet,3,350.0,0.1,945.0,North
TXN-0067,2023-09-21,CUST-1046,33,Female,Apparel,Jacket,4,110.0,0.1,396.0,East
TXN-0068,2023-10-19,CUST-1197,35,Female,Electronics,Smartphone,3,550.0,0.25,1237.5,East
TXN-0069,2023-08-31,CUST-1071,28,Female,Home Appliances,Air Conditioner,4,650.0,0.15,2210.0,North
TXN-0070,2023-08-31,CUST-1295,48,Female,Apparel,Hat,1,18.0,0.1,16.2,North
TXN-0071,2023-12-03,CUST-1244,29,Female,Home Appliances,Refrigerator,3,850.0,0.25,1912.5,South
TXN-0072,2023-12-27,CUST-1478,25,Female,Home Appliances,Refrigerator,3,850.0,0.15,2167.5,West
TXN-0073,2023-05-20,CUST-1124,43,Male,Home Appliances,Refrigerator,2,850.0,0.1,1530.0,South
TXN-0074,2023-05-28,CUST-1045,65,Male,Home Appliances,Air Conditioner,1,650.0,0.15,552.5,North
TXN-0075,2023-02-24,CUST-1268,50,Male,Apparel,Hat,2,18.0,0.1,32.4,West
TXN-0076,2023-03-02,CUST-1490,65,Female,Home Appliances,Refrigerator,2,850.0,0.25,1275.0,North
TXN-0077,2023-08-10,CUST-1167,61,Female,Home Appliances,Vacuum Cleaner,4,160.0,0.15,544.0,North
TXN-0078,2023-01-24,CUST-1030,48,Unknown,Electronics,Laptop,4,950.0,0.2,3040.0,East
TXN-0079,2023-04-02,CUST-1114,37,Female,Electronics,Laptop,3,950.0,0.0,2850.0,North
TXN-0080,2023-04-16,CUST-1344,65,Unknown,Electronics,Smartwatch,5,200.0,0.25,750.0,South
TXN-0081,2023-03-15,CUST-1031,65,Female,Home Appliances,Coffee Maker,5,75.0,0.25,281.25,West
TXN-0082,2023-01-30,CUST-1068,39,Female,Home Appliances,Coffee Maker,4,75.0,0.25,225.0,East
TXN-0083,2023-08-01,CUST-1386,56,Female,Electronics,Wireless Headphones,3,120.0,0.2,288.0,South
TXN-0084,2023-06-10,CUST-1074,43,Female,Apparel,T-Shirt,5,25.0,0.15,106.25,West
TXN-0085,2023-06-30,CUST-1469,21,Male,Electronics,Tablet,2,350.0,0.2,560.0,West
TXN-0086,2023-09-07,CUST-1008,36,Unknown,Home Appliances,Microwave Oven,1,180.0,0.15,153.0,East
TXN-0087,2023-05-19,CUST-1278,38,Unknown,Apparel,Jacket,1,110.0,0.25,82.5,North
TXN-0088,2023-06-27,CUST-1174,56,Female,Apparel,Running Shoes,3,85.0,0.25,191.25,North
TXN-0089,2023-05-18,CUST-1378,23,Unknown,Electronics,Laptop,4,950.0,0.0,3800.0,East
TXN-0090,2023-07-17,CUST-1371,33,Male,Home Appliances,Vacuum Cleaner,1,160.0,0.05,152.0,North
TXN-0091,2023-08-23,CUST-1170,39,Female,Electronics,Smartwatch,2,200.0,0.15,340.0,South
TXN-0092,2023-07-12,CUST-1102,61,Male,Apparel,T-Shirt,1,25.0,0.15,21.25,North
TXN-0093,2023-11-03,CUST-1471,20,Female,Apparel,Jacket,2,110.0,0.05,209.0,East
TXN-0094,2023-08-09,CUST-1382,54,Female,Home Appliances,Air Conditioner,4,650.0,0.1,2340.0,East
TXN-0095,2023-02-19,CUST-1153,43,Male,Apparel,Jacket,2,110.0,0.2,176.0,East
TXN-0096,2023-01-15,CUST-1219,31,Male,Apparel,Jeans,3,60.0,0.2,144.0,North
TXN-0097,2023-12-11,CUST-1344,37,Female,Electronics,Tablet,4,350.0,0.1,1260.0,West
TXN-0098,2023-01-28,CUST-1196,49,Female,Apparel,Hat,2,18.0,0.1,32.4,West
TXN-0099,2023-10-21,CUST-1187,66,Female,Electronics,Laptop,3,950.0,0.05,2707.5,North
TXN-0100,2023-06-29,CUST-1071,21,Female,Home Appliances,Refrigerator,5,850.0,0.05,4037.5,South
TXN-0101,2023-12-02,CUST-1364,61,Male,Home Appliances,Vacuum Cleaner,1,160.0,0.2,128.0,North
TXN-0102,2023-08-23,CUST-1407,45,Female,Home Appliances,Refrigerator,4,850.0,0.0,3400.0,North
TXN-0103,2023-08-22,CUST-1067,35,Female,Apparel,Jacket,3,110.0,0.0,330.0,North
TXN-0104,2023-09-23,GUEST-UNKNOWN,45,Female,Electronics,Smartwatch,3,200.0,0.1,540.0,North
TXN-0105,2023-03-26,CUST-1077,46,Male,Home Appliances,Microwave Oven,4,180.0,0.05,684.0,North
TXN-0106,2023-04-12,CUST-1382,68,Male,Home Appliances,Vacuum Cleaner,1,160.0,0.25,120.0,North
TXN-0107,2023-10-28,CUST-1030,36,Female,Electronics,Smartphone,5,550.0,0.0,2750.0,East
TXN-0108,2023-10-28,CUST-1357,33,Male,Apparel,Jeans,2,60.0,0.15,102.0,North
TXN-0109,2023-05-18,CUST-1413,34,Female,Home Appliances,Refrigerator,5,850.0,0.25,3187.5,North
TXN-0110,2023-01-24,CUST-1476,63,Female,Electronics,Smartwatch,1,200.0,0.05,190.0,North
TXN-0111,2023-08-27,CUST-1004,68,Female,Home Appliances,Coffee Maker,2,75.0,0.2,120.0,North
TXN-0112,2023-01-01,CUST-1157,33,Male,Apparel,T-Shirt,5,25.0,0.25,93.75,North
TXN-0113,2023-11-08,CUST-1161,65,Female,Electronics,Smartphone,1,550.0,0.2,440.0,West
TXN-0114,2023-03-03,CUST-1360,38,Male,Electronics,Wireless Headphones,2,120.0,0.1,216.0,North
TXN-0115,2023-04-24,CUST-1322,55,Male,Home Appliances,Vacuum Cleaner,2,160.0,0.2,256.0,West
TXN-0116,2023-07-15,CUST-1095,27,Unknown,Electronics,Smartphone,4,550.0,0.1,1980.0,West
TXN-0117,2023-01-10,CUST-1248,38,Male,Home Appliances,Air Conditioner,3,650.0,0.1,1755.0,North
TXN-0118,2023-04-23,CUST-1432,38,Female,Home Appliances,Air Conditioner,2,650.0,0.2,1040.0,North
TXN-0119,2023-01-11,GUEST-UNKNOWN,26,Male,Electronics,Smartwatch,2,200.0,0.15,340.0,East
TXN-0120,2023-03-22,CUST-1332,53,Female,Electronics,Tablet,3,350.0,0.2,840.0,East
TXN-0121,2023-11-10,CUST-1072,40,Male,Home Appliances,Coffee Maker,3,75.0,0.05,213.75,West
TXN-0122,2023-08-03,CUST-1279,68,Male,Home Appliances,Refrigerator,3,850.0,0.2,2040.0,East
TXN-0123,2023-11-11,GUEST-UNKNOWN,45,Male,Apparel,Hat,5,18.0,0.05,85.5,North
TXN-0124,2023-02-14,CUST-1049,43,Male,Apparel,Jeans,4,60.0,0.2,192.0,South
TXN-0125,2023-08-27,CUST-1077,23,Female,Apparel,Jacket,5,110.0,0.1,495.0,West
TXN-0126,2023-09-22,CUST-1061,28,Male,Apparel,Hat,2,18.0,0.05,34.2,West
TXN-0127,2023-01-07,CUST-1214,54,Male,Apparel,Jacket,3,110.0,0.25,247.5,North
TXN-0128,2023-12-22,CUST-1353,35,Male,Home Appliances,Microwave Oven,1,180.0,0.2,144.0,North
TXN-0129,2023-08-15,CUST-1444,68,Male,Electronics,Smartwatch,1,200.0,0.0,200.0,South
TXN-0130,2023-07-08,CUST-1348,43,Female,Electronics,Wireless Headphones,3,120.0,0.1,324.0,South
TXN-0131,2023-04-16,CUST-1399,48,Male,Home Appliances,Microwave Oven,3,180.0,0.15,459.0,North
TXN-0132,2023-01-04,CUST-1287,37,Female,Electronics,Laptop,3,950.0,0.0,2850.0,East
TXN-0133,2023-03-13,CUST-1132,65,Unknown,Home Appliances,Microwave Oven,5,180.0,0.15,765.0,North
TXN-0134,2023-03-07,CUST-1467,39,Male,Apparel,Jacket,5,110.0,0.25,412.5,North
TXN-0135,2023-12-15,CUST-1437,39,Female,Home Appliances,Vacuum Cleaner,1,160.0,0.05,152.0,North
TXN-0136,2023-02-15,CUST-1219,20,Female,Apparel,Jacket,1,110.0,0.15,93.5,North
TXN-0137,2023-01-24,CUST-1268,26,Female,Home Appliances,Vacuum Cleaner,1,160.0,0.25,120.0,East
TXN-0138,2023-11-24,CUST-1024,19,Unknown,Home Appliances,Coffee Maker,2,75.0,0.05,142.5,North
TXN-0139,2023-11-13,CUST-1101,51,Female,Apparel,Running Shoes,4,85.0,0.05,323.0,West
TXN-0140,2023-02-21,CUST-1151,29,Male,Electronics,Laptop,1,950.0,0.1,855.0,North
TXN-0141,2023-06-25,CUST-1139,48,Male,Apparel,T-Shirt,5,25.0,0.15,106.25,North
TXN-0142,2023-09-07,CUST-1335,61,Female,Apparel,Jacket,5,110.0,0.2,440.0,West
TXN-0143,2023-11-10,CUST-1434,28,Female,Home Appliances,Coffee Maker,4,75.0,0.25,225.0,West
TXN-0144,2023-12-01,CUST-1281,43,Female,Home Appliances,Refrigerator,4,850.0,0.0,3400.0,North
TXN-0145,2023-08-31,CUST-1049,39,Male,Apparel,Hat,2,18.0,0.1,32.4,South
TXN-0146,2023-06-23,GUEST-UNKNOWN,25,Female,Home Appliances,Refrigerator,5,850.0,0.25,3187.5,North
TXN-0147,2023-07-18,CUST-1451,62,Male,Electronics,Laptop,4,950.0,0.25,2850.0,South
TXN-0148,2023-11-16,CUST-1067,29,Female,Electronics,Smartwatch,4,200.0,0.2,640.0,North
TXN-0149,2023-10-12,CUST-1146,21,Male,Electronics,Smartphone,5,550.0,0.15,2337.5,East
TXN-0150,2023-01-28,CUST-1399,32,Female,Apparel,Running Shoes,2,85.0,0.1,153.0,South
TXN-0151,2023-05-16,CUST-1169,20,Female,Apparel,Running Shoes,5,85.0,0.1,382.5,East
TXN-0152,2023-06-28,CUST-1150,51,Female,Electronics,Laptop,5,950.0,0.0,4750.0,North
TXN-0153,2023-05-12,CUST-1420,50,Male,Apparel,Jeans,5,60.0,0.1,270.0,East
TXN-0154,2023-02-07,CUST-1154,46,Male,Home Appliances,Refrigerator,5,850.0,0.15,3612.5,West
TXN-0155,2023-03-05,CUST-1280,65,Female,Electronics,Tablet,3,350.0,0.05,997.5,West
TXN-0156,2023-05-29,CUST-1297,26,Male,Electronics,Laptop,3,950.0,0.25,2137.5,East
TXN-0157,2023-04-24,CUST-1184,48,Female,Electronics,Smartwatch,3,200.0,0.15,510.0,West
TXN-0158,2023-01-16,CUST-1464,43,Female,Home Appliances,Microwave Oven,3,180.0,0.05,513.0,North
TXN-0159,2023-09-21,CUST-1289,65,Female,Home Appliances,Air Conditioner,2,650.0,0.15,1105.0,East
TXN-0160,2023-12-27,CUST-1134,42,Female,Electronics,Laptop,5,950.0,0.25,3562.5,West
TXN-0161,2023-05-24,CUST-1367,44,Male,Home Appliances,Microwave Oven,4,180.0,0.1,648.0,North
TXN-0162,2023-04-03,CUST-1009,36,Male,Electronics,Wireless Headphones,5,120.0,0.25,450.0,North
TXN-0163,2023-04-28,CUST-1267,44,Female,Electronics,Laptop,5,950.0,0.1,4275.0,East
TXN-0164,2023-08-04,CUST-1480,42,Female,Apparel,Running Shoes,1,85.0,0.05,80.75,South
TXN-0165,2023-06-11,CUST-1299,45,Female,Home Appliances,Refrigerator,4,850.0,0.25,2550.0,North
TXN-0166,2023-04-28,CUST-1260,53,Male,Home Appliances,Refrigerator,5,850.0,0.05,4037.5,West
TXN-0167,2023-02-11,CUST-1103,51,Male,Electronics,Wireless Headphones,1,120.0,0.0,120.0,East
TXN-0168,2023-04-13,CUST-1046,53,Female,Apparel,Hat,4,18.0,0.05,68.4,West
TXN-0169,2023-10-03,CUST-1193,66,Female,Electronics,Wireless Headphones,4,120.0,0.15,408.0,South
TXN-0170,2023-05-28,CUST-1038,38,Female,Electronics,Smartwatch,3,200.0,0.25,450.0,West
TXN-0171,2023-01-04,CUST-1190,54,Female,Apparel,Hat,1,18.0,0.0,18.0,West
TXN-0172,2023-12-24,CUST-1345,38,Male,Electronics,Laptop,3,950.0,0.15,2422.5,North
TXN-0173,2023-04-28,CUST-1221,65,Male,Home Appliances,Microwave Oven,5,180.0,0.25,675.0,South
TXN-0174,2023-11-19,CUST-1184,34,Female,Apparel,Jacket,2,110.0,0.25,165.0,South
TXN-0175,2023-11-20,CUST-1215,22,Female,Apparel,Jacket,4,110.0,0.25,330.0,North
TXN-0176,2023-05-01,CUST-1040,24,Female,Home Appliances,Refrigerator,1,850.0,0.2,680.0,North
TXN-0177,2023-03-29,CUST-1166,52,Female,Apparel,Running Shoes,5,85.0,0.2,340.0,South
TXN-0178,2023-06-05,CUST-1069,18,Female,Electronics,Tablet,5,350.0,0.2,1400.0,East
TXN-0179,2023-07-13,CUST-1264,62,Male,Home Appliances,Vacuum Cleaner,2,160.0,0.2,256.0,North
TXN-0180,2023-01-12,CUST-1224,27,Unknown,Apparel,Running Shoes,4,85.0,0.0,340.0,East
TXN-0181,2023-06-10,CUST-1418,43,Female,Electronics,Laptop,2,950.0,0.05,1805.0,South
TXN-0182,2023-07-04,CUST-1324,43,Female,Electronics,Smartwatch,5,200.0,0.25,750.0,East
TXN-0183,2023-03-20,CUST-1119,59,Female,Home Appliances,Microwave Oven,1,180.0,0.1,162.0,North
TXN-0184,2023-10-11,CUST-1419,18,Female,Home Appliances,Coffee Maker,5,75.0,0.2,300.0,South
TXN-0185,2023-07-29,CUST-1034,43,Male,Apparel,T-Shirt,4,25.0,0.15,85.0,South
TXN-0186,2023-09-09,CUST-1285,41,Male,Home Appliances,Microwave Oven,1,180.0,0.25,135.0,North
TXN-0187,2023-10-13,CUST-1183,45,Male,Apparel,Running Shoes,5,85.0,0.15,361.25,East
TXN-0188,2023-05-04,CUST-1474,46,Female,Apparel,Hat,2,18.0,0.1,32.4,South
TXN-0189,2023-10-11,CUST-1048,43,Male,Home Appliances,Coffee Maker,5,75.0,0.2,300.0,North
TXN-0190,2023-11-25,CUST-1040,39,Female,Apparel,Hat,5,18.0,0.0,90.0,East
TXN-0191,2023-12-24,CUST-1201,54,Male,Apparel,Running Shoes,1,85.0,0.2,68.0,West
TXN-0192,2023-11-30,CUST-1268,67,Female,Apparel,Jeans,5,60.0,0.2,240.0,East
TXN-0193,2023-12-01,CUST-1250,40,Female,Apparel,Running Shoes,1,85.0,0.05,80.75,East
TXN-0194,2023-03-12,CUST-1313,44,Male,Home Appliances,Microwave Oven,2,180.0,0.1,324.0,North
TXN-0195,2023-10-17,CUST-1368,27,Female,Home Appliances,Microwave Oven,3,180.0,0.05,513.0,South
TXN-0196,2023-04-29,GUEST-UNKNOWN,26,Female,Apparel,Hat,2,18.0,0.05,34.2,South
TXN-0197,2023-04-15,CUST-1443,47,Female,Home Appliances,Air Conditioner,4,650.0,0.05,2470.0,South
TXN-0198,2023-10-03,GUEST-UNKNOWN,21,Female,Apparel,Running Shoes,3,85.0,0.1,229.5,North
TXN-0199,2023-10-27,CUST-1230,43,Male,Home Appliances,Air Conditioner,2,650.0,0.2,1040.0,West
TXN-0200,2023-03-23,CUST-1467,27,Male,Apparel,Hat,4,18.0,0.1,64.8,West
TXN-0201,2023-09-13,CUST-1111,44,Female,Home Appliances,Vacuum Cleaner,2,160.0,0.05,304.0,East
TXN-0202,2023-02-14,CUST-1344,62,Female,Home Appliances,Coffee Maker,3,75.0,0.25,168.75,East
TXN-0203,2023-07-31,CUST-1055,51,Female,Apparel,Running Shoes,5,85.0,0.25,318.75,West
TXN-0204,2023-03-04,CUST-1000,68,Male,Apparel,Jacket,2,110.0,0.05,209.0,East
TXN-0205,2023-07-22,CUST-1089,61,Female,Apparel,T-Shirt,5,25.0,0.05,118.75,West
TXN-0206,2023-04-17,CUST-1407,35,Female,Electronics,Smartphone,5,550.0,0.05,2612.5,South
TXN-0207,2023-09-26,CUST-1398,50,Unknown,Electronics,Smartwatch,5,200.0,0.05,950.0,North
TXN-0208,2023-07-18,CUST-1022,23,Male,Apparel,Jacket,2,110.0,0.15,187.0,North
TXN-0209,2023-11-15,CUST-1281,63,Female,Electronics,Smartphone,1,550.0,0.05,522.5,West
TXN-0210,2023-07-02,CUST-1343,66,Female,Apparel,Hat,4,18.0,0.15,61.2,East
TXN-0211,2023-09-07,CUST-1236,40,Male,Apparel,Jacket,1,110.0,0.25,82.5,South
TXN-0212,2023-12-22,CUST-1403,29,Male,Home Appliances,Vacuum Cleaner,3,160.0,0.05,456.0,East
TXN-0213,2023-11-27,CUST-1454,18,Male,Apparel,Jacket,3,110.0,0.2,264.0,North
TXN-0214,2023-07-26,CUST-1495,43,Female,Apparel,Running Shoes,4,85.0,0.1,306.0,East
TXN-0215,2023-08-02,CUST-1068,43,Male,Home Appliances,Vacuum Cleaner,2,160.0,0.25,240.0,West
TXN-0216,2023-01-07,CUST-1255,50,Female,Apparel,Jeans,1,60.0,0.25,45.0,North
TXN-0217,2023-02-01,CUST-1336,57,Unknown,Electronics,Wireless Headphones,2,120.0,0.05,228.0,East
TXN-0218,2023-03-31,CUST-1270,23,Female,Home Appliances,Air Conditioner,4,650.0,0.15,2210.0,West
TXN-0219,2023-09-01,CUST-1272,42,Male,Apparel,Jeans,3,60.0,0.15,153.0,East
TXN-0220,2023-04-09,CUST-1304,56,Male,Electronics,Wireless Headphones,5,120.0,0.1,540.0,South
TXN-0221,2023-08-07,CUST-1082,21,Female,Home Appliances,Air Conditioner,4,650.0,0.2,2080.0,North
TXN-0222,2023-08-15,CUST-1292,19,Male,Home Appliances,Coffee Maker,3,75.0,0.2,180.0,North
TXN-0223,2023-04-26,CUST-1246,40,Male,Apparel,Running Shoes,4,85.0,0.25,255.0,North
TXN-0224,2023-12-19,CUST-1376,19,Female,Home Appliances,Microwave Oven,5,180.0,0.0,900.0,East
TXN-0225,2023-04-19,CUST-1347,65,Male,Electronics,Laptop,5,950.0,0.05,4512.5,North
TXN-0226,2023-02-24,CUST-1032,65,Female,Electronics,Laptop,2,950.0,0.1,1710.0,South
TXN-0227,2023-10-25,CUST-1313,49,Male,Home Appliances,Coffee Maker,4,75.0,0.25,225.0,North
TXN-0228,2023-09-13,CUST-1178,30,Female,Electronics,Tablet,2,350.0,0.0,700.0,West
TXN-0229,2023-04-27,CUST-1192,55,Female,Apparel,T-Shirt,2,25.0,0.25,37.5,North
TXN-0230,2023-06-25,CUST-1326,54,Male,Home Appliances,Air Conditioner,4,650.0,0.15,2210.0,North
TXN-0231,2023-01-03,GUEST-UNKNOWN,20,Female,Home Appliances,Coffee Maker,1,75.0,0.1,67.5,West
TXN-0232,2023-10-20,GUEST-UNKNOWN,63,Female,Home Appliances,Vacuum Cleaner,3,160.0,0.25,360.0,East
TXN-0233,2023-01-29,CUST-1196,41,Female,Home Appliances,Refrigerator,2,850.0,0.1,1530.0,West
TXN-0234,2023-08-05,CUST-1248,48,Female,Home Appliances,Microwave Oven,1,180.0,0.1,162.0,North
TXN-0235,2023-03-19,CUST-1213,26,Female,Apparel,Jacket,2,110.0,0.15,187.0,West
TXN-0236,2023-10-18,CUST-1247,21,Male,Electronics,Wireless Headphones,2,120.0,0.1,216.0,West
TXN-0237,2023-09-07,CUST-1162,46,Male,Electronics,Wireless Headphones,2,120.0,0.25,180.0,South
TXN-0238,2023-10-21,CUST-1472,64,Male,Home Appliances,Air Conditioner,2,650.0,0.0,1300.0,South
TXN-0239,2023-01-12,CUST-1490,30,Female,Electronics,Smartwatch,4,200.0,0.15,680.0,West
TXN-0240,2023-08-01,CUST-1496,44,Female,Home Appliances,Refrigerator,3,850.0,0.0,2550.0,West
TXN-0241,2023-10-18,CUST-1148,37,Male,Apparel,Jacket,3,110.0,0.15,280.5,North
TXN-0242,2023-05-22,CUST-1246,58,Male,Home Appliances,Air Conditioner,2,650.0,0.15,1105.0,South
TXN-0243,2023-11-24,CUST-1391,52,Female,Apparel,Running Shoes,5,85.0,0.15,361.25,South
TXN-0244,2023-09-15,CUST-1353,52,Male,Electronics,Tablet,3,350.0,0.25,787.5,North
TXN-0245,2023-07-03,CUST-1107,62,Male,Electronics,Smartwatch,5,200.0,0.0,1000.0,North
TXN-0246,2023-05-03,CUST-1343,65,Female,Home Appliances,Air Conditioner,5,650.0,0.05,3087.5,West
TXN-0247,2023-02-20,CUST-1357,24,Female,Electronics,Smartphone,3,550.0,0.15,1402.5,North
TXN-0248,2023-05-26,CUST-1430,36,Female,Apparel,Jeans,3,60.0,0.2,144.0,North
TXN-0249,2023-03-28,CUST-1304,32,Female,Electronics,Laptop,4,950.0,0.25,2850.0,West
TXN-0250,2023-11-18,CUST-1034,29,Female,Electronics,Smartwatch,5,200.0,0.2,800.0,North
TXN-0251,2023-01-17,CUST-1192,29,Male,Home Appliances,Air Conditioner,4,650.0,0.25,1950.0,East
TXN-0252,2023-09-11,CUST-1500,55,Unknown,Electronics,Wireless Headphones,3,120.0,0.05,342.0,North
TXN-0253,2023-06-06,CUST-1019,54,Female,Home Appliances,Vacuum Cleaner,4,160.0,0.1,576.0,North
TXN-0254,2023-06-07,CUST-1403,31,Male,Electronics,Wireless Headphones,1,120.0,0.25,90.0,South
TXN-0255,2023-06-03,CUST-1205,60,Male,Apparel,Running Shoes,4,85.0,0.2,272.0,West
TXN-0256,2023-05-04,CUST-1222,22,Female,Electronics,Tablet,4,350.0,0.0,1400.0,East
TXN-0257,2023-11-28,CUST-1132,53,Male,Apparel,Jeans,3,60.0,0.15,153.0,North
TXN-0258,2023-02-27,CUST-1340,51,Male,Electronics,Smartwatch,4,200.0,0.05,760.0,North
TXN-0259,2023-09-09,CUST-1279,35,Male,Electronics,Smartphone,5,550.0,0.0,2750.0,East
TXN-0260,2023-11-24,CUST-1273,42,Unknown,Electronics,Wireless Headphones,3,120.0,0.2,288.0,West
TXN-0261,2023-07-31,CUST-1051,50,Female,Apparel,Jacket,1,110.0,0.1,99.0,North
TXN-0262,2023-05-08,CUST-1390,44,Female,Electronics,Tablet,3,350.0,0.25,787.5,South
TXN-0263,2023-02-15,CUST-1025,34,Female,Home Appliances,Coffee Maker,4,75.0,0.15,255.0,North
TXN-0264,2023-05-25,CUST-1405,34,Female,Electronics,Smartwatch,4,200.0,0.1,720.0,North
TXN-0265,2023-01-31,CUST-1181,56,Male,Apparel,Running Shoes,3,85.0,0.1,229.5,East
TXN-0266,2023-09-29,CUST-1065,35,Female,Home Appliances,Refrigerator,3,850.0,0.2,2040.0,West
TXN-0267,2023-04-07,CUST-1133,25,Female,Electronics,Smartphone,4,550.0,0.1,1980.0,South
TXN-0268,2023-06-12,CUST-1269,22,Female,Apparel,Hat,4,18.0,0.05,68.4,South
TXN-0269,2023-12-03,CUST-1486,64,Female,Apparel,Hat,1,18.0,0.1,16.2,North
TXN-0270,2023-07-26,CUST-1061,65,Male,Apparel,Jeans,5,60.0,0.25,225.0,East
TXN-0271,2023-08-07,CUST-1346,27,Female,Home Appliances,Microwave Oven,4,180.0,0.1,648.0,North
TXN-0272,2023-02-25,CUST-1368,34,Female,Apparel,Running Shoes,4,85.0,0.2,272.0,North
TXN-0273,2023-04-05,CUST-1344,18,Male,Electronics,Smartwatch,5,200.0,0.25,750.0,South
TXN-0274,2023-03-06,CUST-1356,31,Male,Electronics,Laptop,1,950.0,0.0,950.0,West
TXN-0275,2023-01-11,CUST-1424,18,Female,Apparel,Jacket,3,110.0,0.25,247.5,North
TXN-0276,2023-01-10,CUST-1457,25,Female,Apparel,Running Shoes,3,85.0,0.25,191.25,East
TXN-0277,2023-12-11,CUST-1497,36,Male,Apparel,Jeans,4,60.0,0.05,228.0,West
TXN-0278,2023-02-02,CUST-1287,39,Male,Electronics,Smartphone,5,550.0,0.0,2750.0,North
TXN-0279,2023-11-09,CUST-1053,31,Male,Electronics,Laptop,2,950.0,0.1,1710.0,West
TXN-0280,2023-05-27,CUST-1386,33,Female,Apparel,T-Shirt,4,25.0,0.2,80.0,West
TXN-0281,2023-02-13,CUST-1222,60,Male,Electronics,Laptop,5,950.0,0.15,4037.5,West
TXN-0282,2023-03-17,CUST-1278,46,Female,Apparel,Hat,2,18.0,0.15,30.6,West
TXN-0283,2023-03-13,CUST-1167,67,Male,Home Appliances,Microwave Oven,2,180.0,0.25,270.0,East
TXN-0284,2023-12-19,CUST-1073,47,Female,Apparel,Jacket,2,110.0,0.25,165.0,West
TXN-0285,2023-03-02,CUST-1248,43,Female,Electronics,Tablet,4,350.0,0.05,1330.0,East
TXN-0286,2023-07-11,CUST-1230,64,Female,Apparel,Jacket,1,110.0,0.1,99.0,West
TXN-0287,2023-03-05,CUST-1277,54,Female,Home Appliances,Microwave Oven,1,180.0,0.25,135.0,North
TXN-0288,2023-01-12,CUST-1270,25,Female,Apparel,Jacket,4,110.0,0.1,396.0,East
TXN-0289,2023-06-15,CUST-1026,55,Female,Home Appliances,Coffee Maker,5,75.0,0.05,356.25,West
TXN-0290,2023-03-06,CUST-1325,27,Male,Home Appliances,Microwave Oven,1,180.0,0.25,135.0,West
TXN-0291,2023-11-03,CUST-1323,36,Unknown,Electronics,Wireless Headphones,2,120.0,0.25,180.0,South
TXN-0292,2023-12-10,CUST-1192,29,Male,Home Appliances,Coffee Maker,1,75.0,0.25,56.25,East
TXN-0293,2023-05-24,CUST-1100,25,Female,Electronics,Smartphone,5,550.0,0.05,2612.5,South
TXN-0294,2023-12-14,CUST-1348,45,Male,Electronics,Smartwatch,5,200.0,0.1,900.0,East
TXN-0295,2023-06-21,CUST-1115,22,Male,Electronics,Smartwatch,4,200.0,0.15,680.0,East
TXN-0296,2023-05-02,CUST-1320,21,Female,Apparel,Running Shoes,1,85.0,0.25,63.75,East
TXN-0297,2023-11-03,CUST-1237,57,Male,Electronics,Smartwatch,1,200.0,0.25,150.0,South
TXN-0298,2023-01-23,CUST-1491,55,Male,Electronics,Tablet,5,350.0,0.25,1312.5,South
TXN-0299,2023-05-02,CUST-1239,55,Female,Home Appliances,Air Conditioner,1,650.0,0.2,520.0,East
TXN-0300,2023-07-12,CUST-1185,43,Female,Home Appliances,Air Conditioner,3,650.0,0.1,1755.0,South
TXN-0301,2023-11-04,CUST-1010,59,Male,Electronics,Tablet,2,350.0,0.05,665.0,West
TXN-0302,2023-12-22,CUST-1125,55,Female,Apparel,Jeans,2,60.0,0.05,114.0,East
TXN-0303,2023-11-27,CUST-1091,62,Female,Home Appliances,Air Conditioner,1,650.0,0.1,585.0,East
TXN-0304,2023-09-10,CUST-1265,47,Female,Electronics,Wireless Headphones,3,120.0,0.05,342.0,North
TXN-0305,2023-05-22,CUST-1279,39,Male,Home Appliances,Air Conditioner,5,650.0,0.15,2762.5,North
TXN-0306,2023-01-12,CUST-1370,51,Female,Apparel,Jacket,4,110.0,0.25,330.0,North
TXN-0307,2023-12-04,CUST-1385,52,Female,Apparel,Jacket,3,110.0,0.2,264.0,South
TXN-0308,2023-02-25,CUST-1155,53,Female,Apparel,Jacket,2,110.0,0.0,220.0,East
TXN-0309,2023-03-22,CUST-1035,31,Male,Apparel,Jeans,2,60.0,0.0,120.0,South
TXN-0310,2023-06-18,CUST-1377,47,Male,Apparel,Running Shoes,4,85.0,0.2,272.0,West
TXN-0311,2023-12-08,CUST-1465,53,Female,Electronics,Wireless Headphones,2,120.0,0.0,240.0,East
TXN-0312,2023-04-10,GUEST-UNKNOWN,38,Female,Home Appliances,Vacuum Cleaner,4,160.0,0.05,608.0,North
TXN-0313,2023-12-10,CUST-1183,61,Female,Electronics,Laptop,4,950.0,0.0,3800.0,South
TXN-0314,2023-02-16,GUEST-UNKNOWN,43,Male,Electronics,Smartwatch,2,200.0,0.1,360.0,South
TXN-0315,2023-02-24,CUST-1161,43,Male,Electronics,Smartwatch,2,200.0,0.25,300.0,North
TXN-0316,2023-05-05,CUST-1151,59,Unknown,Home Appliances,Air Conditioner,2,650.0,0.2,1040.0,East
TXN-0317,2023-09-17,CUST-1369,56,Male,Electronics,Smartwatch,3,200.0,0.25,450.0,West
TXN-0318,2023-07-15,CUST-1304,29,Female,Electronics,Smartphone,2,550.0,0.05,1045.0,East
TXN-0319,2023-07-11,CUST-1036,25,Female,Apparel,Jeans,3,60.0,0.2,144.0,East
TXN-0320,2023-12-13,CUST-1309,34,Female,Home Appliances,Microwave Oven,4,180.0,0.1,648.0,West
TXN-0321,2023-12-04,CUST-1448,24,Female,Apparel,Running Shoes,3,85.0,0.05,242.25,South
TXN-0322,2023-09-08,CUST-1101,25,Male,Home Appliances,Refrigerator,4,850.0,0.05,3230.0,North
TXN-0323,2023-09-02,CUST-1136,43,Female,Electronics,Smartwatch,4,200.0,0.15,680.0,East
TXN-0324,2023-07-24,CUST-1169,43,Male,Home Appliances,Microwave Oven,2,180.0,0.2,288.0,East
TXN-0325,2023-11-21,CUST-1347,43,Male,Electronics,Smartphone,4,550.0,0.25,1650.0,West
TXN-0326,2023-02-14,CUST-1239,25,Female,Home Appliances,Air Conditioner,1,650.0,0.2,520.0,North
TXN-0327,2023-03-11,CUST-1354,54,Female,Home Appliances,Microwave Oven,4,180.0,0.1,648.0,North
TXN-0328,2023-04-07,CUST-1160,18,Female,Home Appliances,Coffee Maker,2,75.0,0.25,112.5,South
TXN-0329,2023-12-15,CUST-1340,20,Male,Apparel,Jacket,2,110.0,0.15,187.0,South
TXN-0330,2023-01-27,CUST-1153,28,Female,Home Appliances,Refrigerator,4,850.0,0.25,2550.0,North
TXN-0331,2023-06-05,CUST-1356,31,Male,Home Appliances,Vacuum Cleaner,2,160.0,0.05,304.0,West
TXN-0332,2023-06-23,CUST-1206,43,Female,Home Appliances,Microwave Oven,1,180.0,0.2,144.0,West
TXN-0333,2023-01-12,CUST-1355,29,Female,Electronics,Smartwatch,5,200.0,0.25,750.0,West
TXN-0334,2023-11-30,CUST-1092,18,Female,Home Appliances,Refrigerator,3,850.0,0.25,1912.5,North
TXN-0335,2023-06-03,CUST-1273,62,Female,Electronics,Smartwatch,2,200.0,0.1,360.0,North
TXN-0336,2023-11-15,CUST-1332,23,Female,Home Appliances,Refrigerator,2,850.0,0.1,1530.0,North
TXN-0337,2023-09-28,CUST-1138,28,Female,Electronics,Laptop,5,950.0,0.1,4275.0,East
TXN-0338,2023-05-08,CUST-1224,50,Female,Home Appliances,Refrigerator,4,850.0,0.0,3400.0,North
TXN-0339,2023-05-27,CUST-1485,64,Female,Home Appliances,Refrigerator,1,850.0,0.25,637.5,West
TXN-0340,2023-04-26,CUST-1180,42,Male,Home Appliances,Coffee Maker,3,75.0,0.25,168.75,West
TXN-0341,2023-05-25,CUST-1078,35,Male,Electronics,Wireless Headphones,1,120.0,0.25,90.0,South
TXN-0342,2023-03-16,CUST-1026,62,Male,Electronics,Smartwatch,3,200.0,0.2,480.0,East
TXN-0343,2023-05-27,CUST-1094,39,Male,Electronics,Smartwatch,3,200.0,0.15,510.0,North
TXN-0344,2023-01-22,CUST-1228,52,Male,Electronics,Laptop,4,950.0,0.25,2850.0,East
TXN-0345,2023-09-05,CUST-1011,26,Female,Electronics,Laptop,5,950.0,0.2,3800.0,North
TXN-0346,2023-10-20,CUST-1404,64,Male,Electronics,Tablet,1,350.0,0.15,297.5,South
TXN-0347,2023-04-18,GUEST-UNKNOWN,41,Female,Home Appliances,Vacuum Cleaner,1,160.0,0.15,136.0,North
TXN-0348,2023-12-19,CUST-1309,32,Male,Electronics,Laptop,3,950.0,0.1,2565.0,North
TXN-0349,2023-03-25,CUST-1073,59,Male,Electronics,Wireless Headphones,4,120.0,0.0,480.0,North
TXN-0350,2023-03-15,GUEST-UNKNOWN,24,Female,Electronics,Wireless Headphones,4,120.0,0.1,432.0,North
TXN-0351,2023-10-06,CUST-1072,43,Male,Electronics,Laptop,4,950.0,0.05,3610.0,East
TXN-0352,2023-07-04,CUST-1271,45,Male,Electronics,Laptop,3,950.0,0.0,2850.0,North
TXN-0353,2023-12-02,CUST-1407,22,Female,Home Appliances,Air Conditioner,4,650.0,0.25,1950.0,South
TXN-0354,2023-10-10,CUST-1382,63,Male,Electronics,Tablet,1,350.0,0.1,315.0,North
TXN-0355,2023-04-04,CUST-1485,39,Male,Home Appliances,Air Conditioner,2,650.0,0.2,1040.0,South
TXN-0356,2023-03-22,CUST-1064,21,Male,Apparel,Jeans,4,60.0,0.15,204.0,North
TXN-0357,2023-06-21,CUST-1033,43,Male,Home Appliances,Air Conditioner,1,650.0,0.15,552.5,South
TXN-0358,2023-07-20,CUST-1049,50,Male,Apparel,T-Shirt,1,25.0,0.05,23.75,North
TXN-0359,2023-03-24,CUST-1267,68,Male,Home Appliances,Air Conditioner,2,650.0,0.2,1040.0,South
TXN-0360,2023-02-14,CUST-1151,41,Male,Apparel,Running Shoes,4,85.0,0.25,255.0,North
TXN-0361,2023-12-15,CUST-1487,44,Male,Home Appliances,Coffee Maker,2,75.0,0.2,120.0,West
TXN-0362,2023-02-17,CUST-1418,64,Female,Home Appliances,Microwave Oven,5,180.0,0.05,855.0,North
TXN-0363,2023-11-04,CUST-1404,21,Male,Electronics,Smartphone,1,550.0,0.2,440.0,North
TXN-0364,2023-12-12,CUST-1230,58,Female,Electronics,Laptop,2,950.0,0.1,1710.0,East
TXN-0365,2023-06-04,CUST-1255,44,Female,Electronics,Smartphone,2,550.0,0.15,935.0,North
TXN-0366,2023-02-20,CUST-1477,66,Female,Home Appliances,Coffee Maker,4,75.0,0.2,240.0,East
TXN-0367,2023-11-07,CUST-1337,68,Male,Electronics,Smartphone,3,550.0,0.1,1485.0,South
TXN-0368,2023-11-26,CUST-1065,64,Female,Apparel,Hat,1,18.0,0.15,15.3,North
TXN-0369,2023-01-06,CUST-1278,42,Unknown,Apparel,Jeans,2,60.0,0.2,96.0,North
TXN-0370,2023-10-24,CUST-1054,29,Female,Home Appliances,Microwave Oven,1,180.0,0.15,153.0,North
TXN-0371,2023-10-18,CUST-1175,57,Male,Home Appliances,Microwave Oven,1,180.0,0.1,162.0,North
TXN-0372,2023-05-21,CUST-1282,49,Female,Electronics,Wireless Headphones,3,120.0,0.25,270.0,West
TXN-0373,2023-11-02,CUST-1310,40,Male,Apparel,Jeans,5,60.0,0.05,285.0,South
TXN-0374,2023-04-21,CUST-1062,43,Female,Electronics,Laptop,4,950.0,0.25,2850.0,North
TXN-0375,2023-11-27,CUST-1163,49,Male,Apparel,Hat,2,18.0,0.25,27.0,East
TXN-0376,2023-10-01,CUST-1240,64,Female,Electronics,Smartphone,1,550.0,0.05,522.5,North
TXN-0377,2023-02-23,CUST-1045,41,Female,Electronics,Tablet,3,350.0,0.2,840.0,North
TXN-0378,2023-03-17,CUST-1211,51,Female,Apparel,T-Shirt,2,25.0,0.1,45.0,West
TXN-0379,2023-04-19,CUST-1096,55,Female,Electronics,Smartphone,1,550.0,0.2,440.0,South
TXN-0380,2023-03-26,CUST-1052,65,Male,Apparel,Jeans,3,60.0,0.1,162.0,East
TXN-0381,2023-01-26,CUST-1150,35,Female,Electronics,Laptop,2,950.0,0.25,1425.0,East
TXN-0382,2023-02-21,CUST-1253,40,Female,Apparel,Jeans,4,60.0,0.05,228.0,West
TXN-0383,2023-06-21,CUST-1087,56,Female,Apparel,Jeans,1,60.0,0.1,54.0,East
TXN-0384,2023-09-09,CUST-1249,40,Female,Apparel,Jacket,1,110.0,0.15,93.5,East
TXN-0385,2023-02-15,CUST-1449,46,Female,Electronics,Smartwatch,3,200.0,0.15,510.0,East
TXN-0386,2023-02-26,CUST-1348,57,Male,Electronics,Wireless Headphones,2,120.0,0.2,192.0,South
TXN-0387,2023-09-15,CUST-1138,45,Male,Home Appliances,Air Conditioner,4,650.0,0.15,2210.0,North
TXN-0388,2023-12-16,CUST-1102,54,Female,Electronics,Tablet,5,350.0,0.15,1487.5,North
TXN-0389,2023-10-14,CUST-1464,50,Female,Home Appliances,Coffee Maker,2,75.0,0.25,112.5,North
TXN-0390,2023-11-01,CUST-1442,61,Male,Apparel,T-Shirt,2,25.0,0.05,47.5,North
TXN-0391,2023-03-03,CUST-1012,21,Male,Apparel,Hat,5,18.0,0.05,85.5,West
TXN-0392,2023-09-01,CUST-1301,43,Male,Electronics,Smartwatch,4,200.0,0.25,600.0,West
TXN-0393,2023-01-05,CUST-1107,42,Male,Electronics,Wireless Headphones,2,120.0,0.2,192.0,West
TXN-0394,2023-12-04,CUST-1489,43,Male,Home Appliances,Air Conditioner,4,650.0,0.1,2340.0,East
TXN-0395,2023-02-02,CUST-1383,56,Male,Home Appliances,Coffee Maker,5,75.0,0.15,318.75,South
TXN-0396,2023-10-26,CUST-1017,41,Female,Electronics,Laptop,5,950.0,0.15,4037.5,West
TXN-0397,2023-11-17,CUST-1264,32,Female,Apparel,Jeans,4,60.0,0.15,204.0,West
TXN-0398,2023-07-24,CUST-1298,34,Male,Electronics,Wireless Headphones,2,120.0,0.05,228.0,North
TXN-0399,2023-02-06,CUST-1454,35,Male,Apparel,T-Shirt,3,25.0,0.05,71.25,North
TXN-0400,2023-09-04,CUST-1220,25,Female,Apparel,Running Shoes,2,85.0,0.25,127.5,South
TXN-0401,2023-01-30,CUST-1022,33,Male,Home Appliances,Vacuum Cleaner,5,160.0,0.1,720.0,South
TXN-0402,2023-05-17,CUST-1177,57,Male,Apparel,Running Shoes,5,85.0,0.1,382.5,North
TXN-0403,2023-09-13,CUST-1423,57,Male,Electronics,Smartphone,4,550.0,0.05,2090.0,South
TXN-0404,2023-10-30,CUST-1222,65,Male,Home Appliances,Air Conditioner,5,650.0,0.2,2600.0,South
TXN-0405,2023-05-08,CUST-1019,60,Female,Electronics,Laptop,2,950.0,0.0,1900.0,West
TXN-0406,2023-07-29,CUST-1312,46,Male,Electronics,Smartwatch,5,200.0,0.1,900.0,South
TXN-0407,2023-05-13,CUST-1180,33,Male,Electronics,Smartphone,3,550.0,0.15,1402.5,East
TXN-0408,2023-11-30,CUST-1015,27,Male,Home Appliances,Coffee Maker,5,75.0,0.25,281.25,North
TXN-0409,2023-04-25,CUST-1375,51,Female,Electronics,Laptop,5,950.0,0.15,4037.5,West
TXN-0410,2023-07-29,CUST-1468,32,Female,Home Appliances,Refrigerator,5,850.0,0.05,4037.5,South
TXN-0411,2023-04-03,CUST-1391,65,Male,Home Appliances,Coffee Maker,5,75.0,0.25,281.25,East
TXN-0412,2023-11-08,CUST-1378,44,Female,Apparel,Hat,5,18.0,0.25,67.5,North
TXN-0413,2023-10-29,CUST-1024,55,Female,Apparel,Running Shoes,2,85.0,0.15,144.5,West
TXN-0414,2023-03-28,CUST-1473,24,Female,Electronics,Smartwatch,5,200.0,0.05,950.0,West
TXN-0415,2023-03-06,CUST-1470,45,Male,Apparel,Running Shoes,1,85.0,0.0,85.0,West
TXN-0416,2023-02-07,CUST-1221,51,Female,Home Appliances,Microwave Oven,5,180.0,0.1,810.0,North
TXN-0417,2023-04-20,CUST-1106,62,Female,Apparel,Running Shoes,2,85.0,0.2,136.0,North
TXN-0418,2023-02-27,CUST-1126,47,Male,Electronics,Smartwatch,4,200.0,0.1,720.0,South
TXN-0419,2023-06-12,CUST-1133,64,Male,Home Appliances,Microwave Oven,1,180.0,0.05,171.0,East
TXN-0420,2023-06-30,CUST-1107,28,Female,Home Appliances,Coffee Maker,4,75.0,0.0,300.0,East
TXN-0421,2023-06-09,CUST-1323,35,Female,Home Appliances,Air Conditioner,1,650.0,0.05,617.5,North
TXN-0422,2023-07-20,CUST-1217,35,Male,Home Appliances,Air Conditioner,4,650.0,0.1,2340.0,West
TXN-0423,2023-02-25,CUST-1394,54,Male,Home Appliances,Refrigerator,4,850.0,0.2,2720.0,West
TXN-0424,2023-07-30,CUST-1164,18,Male,Electronics,Wireless Headphones,3,120.0,0.05,342.0,North
TXN-0425,2023-09-25,CUST-1190,47,Female,Electronics,Wireless Headphones,3,120.0,0.0,360.0,North
TXN-0426,2023-08-23,CUST-1080,32,Male,Apparel,Running Shoes,3,85.0,0.1,229.5,South
TXN-0427,2023-01-27,CUST-1241,25,Female,Home Appliances,Coffee Maker,3,75.0,0.15,191.25,South
TXN-0428,2023-03-03,CUST-1443,60,Female,Home Appliances,Microwave Oven,3,180.0,0.25,405.0,South
TXN-0429,2023-01-07,GUEST-UNKNOWN,20,Male,Apparel,Running Shoes,4,85.0,0.25,255.0,North
TXN-0430,2023-04-01,CUST-1028,38,Female,Home Appliances,Refrigerator,3,850.0,0.15,2167.5,North
TXN-0431,2023-04-09,CUST-1088,30,Female,Electronics,Laptop,4,950.0,0.05,3610.0,North
TXN-0432,2023-03-28,CUST-1041,37,Male,Home Appliances,Air Conditioner,3,650.0,0.1,1755.0,West
TXN-0433,2023-02-17,CUST-1328,61,Male,Electronics,Wireless Headphones,4,120.0,0.25,360.0,South
TXN-0434,2023-04-22,GUEST-UNKNOWN,29,Female,Electronics,Wireless Headphones,3,120.0,0.0,360.0,North
TXN-0435,2023-03-07,CUST-1011,55,Female,Electronics,Tablet,3,350.0,0.1,945.0,South
TXN-0436,2023-07-25,CUST-1153,51,Female,Apparel,Hat,1,18.0,0.1,16.2,South
TXN-0437,2023-05-04,CUST-1078,41,Unknown,Electronics,Laptop,4,950.0,0.05,3610.0,East
TXN-0438,2023-05-25,CUST-1273,65,Male,Home Appliances,Coffee Maker,5,75.0,0.1,337.5,East
TXN-0439,2023-12-01,CUST-1345,44,Female,Apparel,Jeans,1,60.0,0.1,54.0,East
TXN-0440,2023-01-28,CUST-1309,50,Female,Apparel,Jeans,4,60.0,0.1,216.0,West
TXN-0441,2023-11-11,CUST-1020,41,Female,Home Appliances,Vacuum Cleaner,1,160.0,0.05,152.0,North
TXN-0442,2023-07-22,CUST-1372,35,Female,Apparel,Running Shoes,5,85.0,0.05,403.75,East
TXN-0443,2023-02-10,CUST-1011,64,Male,Apparel,Running Shoes,3,85.0,0.05,242.25,North
TXN-0444,2023-09-14,CUST-1347,43,Unknown,Electronics,Wireless Headphones,3,120.0,0.1,324.0,North
TXN-0445,2023-11-22,CUST-1285,43,Female,Apparel,Jeans,2,60.0,0.0,120.0,West
TXN-0446,2023-02-12,CUST-1149,47,Unknown,Apparel,T-Shirt,1,25.0,0.1,22.5,North
TXN-0447,2023-07-22,CUST-1091,65,Female,Electronics,Laptop,3,950.0,0.15,2422.5,West
TXN-0448,2023-08-19,CUST-1424,29,Male,Electronics,Wireless Headphones,5,120.0,0.0,600.0,North
TXN-0449,2023-03-27,CUST-1189,43,Female,Electronics,Smartwatch,2,200.0,0.15,340.0,North
TXN-0450,2023-04-05,CUST-1056,28,Male,Apparel,Jacket,4,110.0,0.15,374.0,West
TXN-0451,2023-01-13,CUST-1415,67,Unknown,Home Appliances,Refrigerator,1,850.0,0.05,807.5,South
TXN-0452,2023-09-05,CUST-1037,66,Male,Home Appliances,Air Conditioner,3,650.0,0.1,1755.0,North
TXN-0453,2023-11-21,CUST-1079,27,Female,Apparel,Hat,5,18.0,0.25,67.5,North
TXN-0454,2023-09-14,CUST-1248,48,Female,Apparel,Hat,2,18.0,0.1,32.4,West
TXN-0455,2023-04-27,CUST-1320,22,Female,Home Appliances,Coffee Maker,5,75.0,0.1,337.5,West
TXN-0456,2023-01-21,CUST-1097,26,Male,Electronics,Tablet,5,350.0,0.05,1662.5,West
TXN-0457,2023-04-21,CUST-1220,46,Male,Apparel,Hat,4,18.0,0.25,54.0,East
TXN-0458,2023-12-14,CUST-1500,18,Female,Electronics,Wireless Headphones,1,120.0,0.1,108.0,South
TXN-0459,2023-09-29,CUST-1107,28,Female,Apparel,T-Shirt,4,25.0,0.15,85.0,East
TXN-0460,2023-07-01,CUST-1201,43,Female,Home Appliances,Refrigerator,2,850.0,0.15,1445.0,South
TXN-0461,2023-09-15,CUST-1166,55,Male,Apparel,Hat,3,18.0,0.0,54.0,South
TXN-0462,2023-08-30,CUST-1375,27,Female,Electronics,Laptop,3,950.0,0.05,2707.5,East
TXN-0463,2023-08-17,CUST-1235,63,Female,Home Appliances,Coffee Maker,4,75.0,0.15,255.0,East
TXN-0464,2023-10-03,CUST-1376,53,Female,Home Appliances,Air Conditioner,5,650.0,0.0,3250.0,North
TXN-0465,2023-10-23,CUST-1092,20,Female,Home Appliances,Coffee Maker,2,75.0,0.1,135.0,West
TXN-0466,2023-07-12,CUST-1106,43,Female,Electronics,Laptop,5,950.0,0.25,3562.5,North
TXN-0467,2023-09-17,CUST-1233,43,Female,Home Appliances,Air Conditioner,4,650.0,0.2,2080.0,South
TXN-0468,2023-11-28,CUST-1289,43,Male,Home Appliances,Refrigerator,3,850.0,0.25,1912.5,North
TXN-0469,2023-03-25,CUST-1191,38,Unknown,Home Appliances,Air Conditioner,2,650.0,0.25,975.0,South
TXN-0470,2023-08-03,CUST-1212,26,Male,Electronics,Laptop,5,950.0,0.25,3562.5,South
TXN-0471,2023-02-12,CUST-1314,29,Male,Home Appliances,Microwave Oven,3,180.0,0.1,486.0,East
TXN-0472,2023-01-25,CUST-1324,43,Male,Home Appliances,Microwave Oven,5,180.0,0.2,720.0,East
TXN-0473,2023-04-06,CUST-1281,39,Male,Home Appliances,Coffee Maker,1,75.0,0.15,63.75,North
TXN-0474,2023-09-16,CUST-1261,32,Male,Home Appliances,Vacuum Cleaner,5,160.0,0.25,600.0,North
TXN-0475,2023-03-19,CUST-1025,36,Female,Electronics,Smartwatch,1,200.0,0.25,150.0,West
TXN-0476,2023-03-24,CUST-1214,40,Male,Home Appliances,Vacuum Cleaner,2,160.0,0.15,272.0,North
TXN-0477,2023-04-29,CUST-1380,66,Female,Apparel,Jacket,4,110.0,0.2,352.0,North
TXN-0478,2023-07-05,CUST-1221,67,Male,Apparel,Hat,3,18.0,0.1,48.6,West
TXN-0479,2023-11-07,CUST-1341,55,Male,Apparel,Running Shoes,5,85.0,0.15,361.25,North
TXN-0480,2023-11-18,CUST-1290,39,Female,Apparel,Jeans,3,60.0,0.15,153.0,South
TXN-0481,2023-10-08,CUST-1399,23,Female,Apparel,Running Shoes,1,85.0,0.1,76.5,East
TXN-0482,2023-08-13,CUST-1057,50,Female,Home Appliances,Air Conditioner,2,650.0,0.15,1105.0,East
TXN-0483,2023-05-31,CUST-1115,53,Male,Electronics,Laptop,2,950.0,0.05,1805.0,North
TXN-0484,2023-07-31,CUST-1454,34,Female,Electronics,Smartwatch,2,200.0,0.1,360.0,North
TXN-0485,2023-02-19,CUST-1053,64,Female,Electronics,Tablet,5,350.0,0.05,1662.5,North
TXN-0486,2023-12-16,CUST-1129,63,Female,Electronics,Laptop,5,950.0,0.25,3562.5,East
TXN-0487,2023-01-04,CUST-1061,22,Male,Home Appliances,Vacuum Cleaner,2,160.0,0.05,304.0,East
TXN-0488,2023-12-23,CUST-1159,34,Male,Apparel,Jeans,3,60.0,0.25,135.0,North
TXN-0489,2023-01-07,CUST-1463,22,Male,Apparel,Running Shoes,2,85.0,0.1,153.0,West
TXN-0490,2023-03-03,CUST-1349,24,Female,Home Appliances,Coffee Maker,5,75.0,0.05,356.25,South
TXN-0491,2023-07-26,CUST-1245,63,Female,Home Appliances,Air Conditioner,5,650.0,0.1,2925.0,East
TXN-0492,2023-08-11,CUST-1164,37,Male,Apparel,Jeans,3,60.0,0.15,153.0,South
TXN-0493,2023-10-03,CUST-1268,61,Male,Apparel,T-Shirt,2,25.0,0.0,50.0,South
TXN-0494,2023-05-04,CUST-1423,43,Unknown,Electronics,Smartphone,5,550.0,0.15,2337.5,East
TXN-0495,2023-05-23,CUST-1354,46,Male,Apparel,Jeans,2,60.0,0.2,96.0,North
TXN-0496,2023-04-14,CUST-1265,24,Male,Apparel,Jeans,4,60.0,0.05,228.0,East
TXN-0497,2023-10-19,CUST-1471,59,Female,Electronics,Smartphone,3,550.0,0.0,1650.0,North
TXN-0498,2023-10-20,CUST-1230,49,Female,Home Appliances,Coffee Maker,3,75.0,0.2,180.0,South
TXN-0499,2023-01-22,CUST-1116,58,Female,Electronics,Tablet,4,350.0,0.25,1050.0,North
TXN-0500,2023-08-26,CUST-1201,59,Female,Apparel,T-Shirt,4,25.0,0.0,100.0,North
TXN-0501,2023-03-21,CUST-1077,65,Female,Home Appliances,Air Conditioner,1,650.0,0.0,650.0,East
TXN-0502,2023-07-02,CUST-1430,38,Female,Home Appliances,Coffee Maker,2,75.0,0.2,120.0,South
TXN-0503,2023-12-06,CUST-1450,28,Female,Electronics,Laptop,1,950.0,0.05,902.5,East
TXN-0504,2023-03-18,CUST-1149,23,Female,Home Appliances,Coffee Maker,3,75.0,0.05,213.75,South
TXN-0505,2023-08-18,GUEST-UNKNOWN,47,Female,Electronics,Wireless Headphones,5,120.0,0.2,480.0,East
TXN-0506,2023-09-20,CUST-1482,30,Male,Home Appliances,Air Conditioner,3,650.0,0.05,1852.5,South
TXN-0507,2023-02-14,CUST-1174,27,Female,Home Appliances,Air Conditioner,2,650.0,0.0,1300.0,South
TXN-0508,2023-01-26,CUST-1098,49,Male,Electronics,Smartwatch,1,200.0,0.25,150.0,North
TXN-0509,2023-06-14,CUST-1303,58,Female,Home Appliances,Vacuum Cleaner,3,160.0,0.0,480.0,East
TXN-0510,2023-12-12,CUST-1345,41,Female,Electronics,Laptop,3,950.0,0.15,2422.5,East
TXN-0511,2023-08-27,CUST-1497,47,Male,Apparel,Jeans,3,60.0,0.2,144.0,North
TXN-0512,2023-02-18,CUST-1101,43,Male,Electronics,Smartwatch,4,200.0,0.05,760.0,North
TXN-0513,2023-03-14,CUST-1213,58,Male,Electronics,Wireless Headphones,3,120.0,0.2,288.0,East
TXN-0514,2023-04-30,CUST-1402,68,Male,Home Appliances,Refrigerator,5,850.0,0.05,4037.5,East
TXN-0515,2023-09-28,CUST-1490,42,Male,Electronics,Laptop,1,950.0,0.15,807.5,South
TXN-0516,2023-11-27,CUST-1031,50,Female,Home Appliances,Vacuum Cleaner,1,160.0,0.1,144.0,East
TXN-0517,2023-05-21,CUST-1145,19,Female,Electronics,Laptop,1,950.0,0.05,902.5,West
TXN-0518,2023-03-09,CUST-1052,33,Female,Electronics,Smartphone,4,550.0,0.1,1980.0,South
TXN-0519,2023-05-03,CUST-1329,20,Unknown,Electronics,Smartwatch,4,200.0,0.2,640.0,South
TXN-0520,2023-01-19,CUST-1359,50,Male,Apparel,Hat,3,18.0,0.1,48.6,East
TXN-0521,2023-11-30,GUEST-UNKNOWN,50,Male,Electronics,Laptop,2,950.0,0.1,1710.0,South
TXN-0522,2023-05-10,GUEST-UNKNOWN,43,Female,Apparel,Hat,2,18.0,0.1,32.4,North
TXN-0523,2023-01-26,CUST-1195,24,Male,Apparel,Hat,1,18.0,0.1,16.2,South
TXN-0524,2023-11-22,CUST-1477,43,Female,Electronics,Laptop,5,950.0,0.0,4750.0,West
TXN-0525,2023-08-27,CUST-1022,35,Female,Apparel,Jeans,2,60.0,0.0,120.0,West
TXN-0526,2023-04-29,GUEST-UNKNOWN,47,Female,Home Appliances,Air Conditioner,3,650.0,0.15,1657.5,East
TXN-0527,2023-08-10,CUST-1473,66,Male,Apparel,T-Shirt,5,25.0,0.25,93.75,North
TXN-0528,2023-08-03,CUST-1294,43,Male,Home Appliances,Vacuum Cleaner,3,160.0,0.2,384.0,North
TXN-0529,2023-11-24,CUST-1385,43,Male,Electronics,Smartwatch,5,200.0,0.0,1000.0,North
TXN-0530,2023-05-10,CUST-1206,43,Female,Electronics,Laptop,5,950.0,0.15,4037.5,West
TXN-0531,2023-02-20,CUST-1485,19,Female,Home Appliances,Air Conditioner,1,650.0,0.05,617.5,North
TXN-0532,2023-02-18,CUST-1399,43,Male,Apparel,Jeans,5,60.0,0.25,225.0,South
TXN-0533,2023-06-19,CUST-1039,18,Male,Apparel,Hat,5,18.0,0.05,85.5,North
TXN-0534,2023-08-13,CUST-1362,58,Female,Electronics,Smartphone,1,550.0,0.1,495.0,North
TXN-0535,2023-12-07,CUST-1285,68,Female,Electronics,Tablet,4,350.0,0.05,1330.0,North
TXN-0536,2023-05-05,CUST-1245,53,Female,Apparel,T-Shirt,1,25.0,0.2,20.0,North
TXN-0537,2023-08-10,CUST-1343,46,Male,Home Appliances,Air Conditioner,4,650.0,0.15,2210.0,West
TXN-0538,2023-12-27,CUST-1142,39,Female,Electronics,Laptop,5,950.0,0.25,3562.5,West
TXN-0539,2023-11-12,CUST-1138,32,Female,Apparel,Running Shoes,3,85.0,0.1,229.5,South
TXN-0540,2023-12-18,CUST-1104,29,Male,Electronics,Smartwatch,4,200.0,0.25,600.0,North
TXN-0541,2023-10-09,CUST-1130,53,Male,Apparel,Jeans,4,60.0,0.1,216.0,North
TXN-0542,2023-02-25,CUST-1473,20,Female,Electronics,Wireless Headphones,4,120.0,0.15,408.0,North
TXN-0543,2023-04-23,CUST-1488,57,Male,Apparel,T-Shirt,4,25.0,0.05,95.0,East
TXN-0544,2023-04-20,CUST-1227,42,Female,Apparel,Jacket,4,110.0,0.25,330.0,North
TXN-0545,2023-12-24,CUST-1111,33,Male,Apparel,Hat,1,18.0,0.2,14.4,East
TXN-0546,2023-06-28,CUST-1245,55,Female,Electronics,Wireless Headphones,2,120.0,0.05,228.0,North
TXN-0547,2023-12-08,CUST-1266,57,Male,Home Appliances,Vacuum Cleaner,2,160.0,0.15,272.0,East
TXN-0548,2023-04-02,CUST-1004,35,Male,Home Appliances,Refrigerator,2,850.0,0.2,1360.0,North
TXN-0549,2023-01-22,CUST-1270,43,Female,Home Appliances,Air Conditioner,5,650.0,0.2,2600.0,North
TXN-0550,2023-07-08,CUST-1192,49,Male,Apparel,Hat,2,18.0,0.05,34.2,West
TXN-0551,2023-04-15,CUST-1485,24,Male,Apparel,T-Shirt,3,25.0,0.2,60.0,North
TXN-0552,2023-03-16,CUST-1260,19,Female,Electronics,Laptop,5,950.0,0.25,3562.5,North
TXN-0553,2023-07-13,CUST-1325,30,Female,Electronics,Tablet,2,350.0,0.1,630.0,North
TXN-0554,2023-01-20,CUST-1239,61,Male,Electronics,Tablet,3,350.0,0.15,892.5,South
TXN-0555,2023-01-11,CUST-1247,37,Female,Home Appliances,Air Conditioner,2,650.0,0.2,1040.0,East
TXN-0556,2023-07-24,CUST-1083,60,Female,Home Appliances,Refrigerator,4,850.0,0.15,2890.0,North
TXN-0557,2023-03-10,CUST-1358,20,Male,Electronics,Smartphone,1,550.0,0.2,440.0,West
TXN-0558,2023-10-11,CUST-1133,50,Female,Electronics,Laptop,4,950.0,0.15,3230.0,South
TXN-0559,2023-06-17,CUST-1018,25,Female,Home Appliances,Microwave Oven,2,180.0,0.25,270.0,North
TXN-0560,2023-03-22,CUST-1430,29,Female,Apparel,T-Shirt,3,25.0,0.25,56.25,South
TXN-0561,2023-02-17,CUST-1122,35,Male,Apparel,Jeans,3,60.0,0.25,135.0,West
TXN-0562,2023-09-29,CUST-1313,64,Female,Electronics,Wireless Headphones,1,120.0,0.05,114.0,North
TXN-0563,2023-04-29,CUST-1456,32,Female,Apparel,Hat,4,18.0,0.0,72.0,West
TXN-0564,2023-01-09,CUST-1156,49,Male,Apparel,Jeans,4,60.0,0.1,216.0,West
TXN-0565,2023-02-20,CUST-1149,45,Male,Electronics,Smartphone,1,550.0,0.05,522.5,South
TXN-0566,2023-02-28,CUST-1427,25,Female,Electronics,Tablet,2,350.0,0.0,700.0,North
TXN-0567,2023-03-25,CUST-1273,66,Male,Electronics,Laptop,4,950.0,0.25,2850.0,West
TXN-0568,2023-08-23,CUST-1021,43,Female,Apparel,Running Shoes,3,85.0,0.25,191.25,West
TXN-0569,2023-06-24,CUST-1326,45,Male,Apparel,Running Shoes,4,85.0,0.05,323.0,East
TXN-0570,2023-01-14,CUST-1070,24,Male,Electronics,Smartphone,5,550.0,0.25,2062.5,North
TXN-0571,2023-12-20,CUST-1051,20,Female,Home Appliances,Vacuum Cleaner,5,160.0,0.0,800.0,North
TXN-0572,2023-10-15,CUST-1332,24,Male,Apparel,Hat,5,18.0,0.25,67.5,North
TXN-0573,2023-01-21,CUST-1350,35,Female,Electronics,Tablet,4,350.0,0.05,1330.0,South
TXN-0574,2023-08-07,CUST-1033,59,Male,Electronics,Tablet,4,350.0,0.2,1120.0,North
TXN-0575,2023-05-18,CUST-1139,37,Male,Electronics,Laptop,5,950.0,0.2,3800.0,North
TXN-0576,2023-12-20,CUST-1246,37,Female,Apparel,T-Shirt,5,25.0,0.25,93.75,West
TXN-0577,2023-05-04,CUST-1287,43,Female,Home Appliances,Air Conditioner,5,650.0,0.25,2437.5,North
TXN-0578,2023-05-12,CUST-1329,31,Male,Electronics,Smartphone,2,550.0,0.05,1045.0,East
TXN-0579,2023-02-15,CUST-1000,40,Female,Electronics,Laptop,3,950.0,0.0,2850.0,South
TXN-0580,2023-02-01,CUST-1060,41,Male,Apparel,Jacket,4,110.0,0.0,440.0,North
TXN-0581,2023-03-22,CUST-1117,63,Female,Home Appliances,Air Conditioner,5,650.0,0.25,2437.5,West
TXN-0582,2023-06-11,CUST-1395,36,Female,Electronics,Wireless Headphones,1,120.0,0.2,96.0,North
TXN-0583,2023-03-04,CUST-1025,22,Female,Apparel,Running Shoes,2,85.0,0.1,153.0,North
TXN-0584,2023-08-15,CUST-1377,61,Female,Apparel,Hat,1,18.0,0.25,13.5,West
TXN-0585,2023-10-03,CUST-1495,40,Male,Home Appliances,Air Conditioner,1,650.0,0.25,487.5,North
TXN-0586,2023-05-28,CUST-1240,43,Male,Home Appliances,Vacuum Cleaner,4,160.0,0.25,480.0,East
TXN-0587,2023-05-18,CUST-1025,68,Male,Electronics,Tablet,4,350.0,0.05,1330.0,West
TXN-0588,2023-03-06,CUST-1062,51,Female,Electronics,Tablet,2,350.0,0.1,630.0,South
TXN-0589,2023-03-21,CUST-1347,54,Male,Electronics,Smartwatch,2,200.0,0.15,340.0,East
TXN-0590,2023-11-20,CUST-1387,29,Male,Electronics,Wireless Headphones,1,120.0,0.15,102.0,North
TXN-0591,2023-04-26,CUST-1256,35,Male,Home Appliances,Air Conditioner,1,650.0,0.1,585.0,South
TXN-0592,2023-06-11,CUST-1072,63,Female,Apparel,Hat,5,18.0,0.15,76.5,North
TXN-0593,2023-11-10,CUST-1199,44,Female,Electronics,Laptop,1,950.0,0.25,712.5,East
TXN-0594,2023-08-30,CUST-1421,64,Male,Apparel,T-Shirt,1,25.0,0.25,18.75,West
TXN-0595,2023-01-14,CUST-1087,31,Female,Apparel,T-Shirt,1,25.0,0.15,21.25,East
TXN-0596,2023-01-11,CUST-1219,20,Male,Home Appliances,Microwave Oven,2,180.0,0.15,306.0,North
TXN-0597,2023-03-20,CUST-1108,31,Female,Apparel,Jeans,4,60.0,0.1,216.0,North
TXN-0598,2023-05-04,GUEST-UNKNOWN,30,Male,Electronics,Laptop,2,950.0,0.05,1805.0,North
TXN-0599,2023-07-08,CUST-1146,63,Male,Apparel,Running Shoes,4,85.0,0.15,289.0,West
TXN-0600,2023-09-25,CUST-1196,27,Male,Electronics,Laptop,2,950.0,0.1,1710.0,West
TXN-0601,2023-07-28,GUEST-UNKNOWN,58,Female,Electronics,Smartphone,5,550.0,0.25,2062.5,West
TXN-0602,2023-01-09,CUST-1454,62,Female,Home Appliances,Air Conditioner,3,650.0,0.05,1852.5,North
TXN-0603,2023-04-21,CUST-1344,67,Female,Home Appliances,Coffee Maker,2,75.0,0.25,112.5,North
TXN-0604,2023-01-16,CUST-1341,43,Female,Home Appliances,Vacuum Cleaner,2,160.0,0.05,304.0,South
TXN-0605,2023-05-31,CUST-1027,58,Female,Electronics,Laptop,3,950.0,0.2,2280.0,East
TXN-0606,2023-07-30,CUST-1284,49,Female,Home Appliances,Air Conditioner,1,650.0,0.25,487.5,West
TXN-0607,2023-02-15,CUST-1103,24,Male,Electronics,Smartwatch,1,200.0,0.1,180.0,North
TXN-0608,2023-09-11,CUST-1097,60,Male,Apparel,Jacket,1,110.0,0.05,104.5,South
TXN-0609,2023-02-22,CUST-1463,60,Male,Home Appliances,Vacuum Cleaner,5,160.0,0.15,680.0,West
TXN-0610,2023-12-18,CUST-1423,33,Female,Home Appliances,Air Conditioner,4,650.0,0.25,1950.0,North
TXN-0611,2023-09-02,CUST-1120,27,Male,Apparel,Jacket,2,110.0,0.2,176.0,East
TXN-0612,2023-08-18,CUST-1375,29,Female,Apparel,Running Shoes,1,85.0,0.25,63.75,North
TXN-0613,2023-01-20,CUST-1117,64,Male,Electronics,Tablet,5,350.0,0.2,1400.0,North
TXN-0614,2023-12-02,CUST-1458,48,Male,Home Appliances,Refrigerator,5,850.0,0.25,3187.5,East
TXN-0615,2023-07-19,CUST-1291,43,Male,Home Appliances,Air Conditioner,3,650.0,0.1,1755.0,South
TXN-0616,2023-03-10,CUST-1404,30,Female,Home Appliances,Microwave Oven,3,180.0,0.1,486.0,East
TXN-0617,2023-04-24,CUST-1351,50,Female,Apparel,Hat,4,18.0,0.2,57.6,South
TXN-0618,2023-11-16,CUST-1038,48,Male,Home Appliances,Microwave Oven,3,180.0,0.2,432.0,East
TXN-0619,2023-02-24,CUST-1109,51,Female,Electronics,Smartwatch,2,200.0,0.05,380.0,North
TXN-0620,2023-10-30,CUST-1427,35,Male,Home Appliances,Refrigerator,2,850.0,0.2,1360.0,West
TXN-0621,2023-08-15,CUST-1361,65,Male,Apparel,Running Shoes,3,85.0,0.15,216.75,East
TXN-0622,2023-01-14,CUST-1410,55,Male,Apparel,T-Shirt,1,25.0,0.0,25.0,East
TXN-0623,2023-04-04,CUST-1266,55,Female,Apparel,Running Shoes,3,85.0,0.0,255.0,North
TXN-0624,2023-08-07,CUST-1111,52,Male,Home Appliances,Coffee Maker,1,75.0,0.05,71.25,West
TXN-0625,2023-06-26,CUST-1265,29,Female,Apparel,Jacket,3,110.0,0.05,313.5,West
TXN-0626,2023-03-12,CUST-1281,25,Male,Apparel,Jeans,5,60.0,0.15,255.0,South
TXN-0627,2023-07-30,CUST-1336,37,Female,Home Appliances,Refrigerator,5,850.0,0.15,3612.5,West
TXN-0628,2023-03-24,CUST-1292,54,Female,Electronics,Smartwatch,5,200.0,0.05,950.0,West
TXN-0629,2023-09-12,CUST-1418,53,Female,Home Appliances,Coffee Maker,2,75.0,0.05,142.5,West
TXN-0630,2023-11-07,CUST-1259,61,Female,Apparel,Jacket,1,110.0,0.05,104.5,North
TXN-0631,2023-10-21,CUST-1177,31,Female,Home Appliances,Vacuum Cleaner,5,160.0,0.15,680.0,South
TXN-0632,2023-01-03,CUST-1351,25,Male,Home Appliances,Coffee Maker,4,75.0,0.05,285.0,North
TXN-0633,2023-11-13,CUST-1338,46,Male,Electronics,Laptop,3,950.0,0.15,2422.5,North
TXN-0634,2023-12-08,CUST-1298,43,Female,Home Appliances,Refrigerator,5,850.0,0.1,3825.0,North
TXN-0635,2023-03-14,CUST-1082,35,Female,Electronics,Smartphone,5,550.0,0.15,2337.5,North
TXN-0636,2023-12-17,GUEST-UNKNOWN,20,Male,Home Appliances,Vacuum Cleaner,5,160.0,0.15,680.0,East
TXN-0637,2023-05-26,CUST-1430,34,Male,Apparel,T-Shirt,1,25.0,0.2,20.0,North
TXN-0638,2023-03-24,GUEST-UNKNOWN,43,Female,Apparel,Jacket,3,110.0,0.0,330.0,South
TXN-0639,2023-02-10,CUST-1141,43,Male,Apparel,T-Shirt,5,25.0,0.2,100.0,South
TXN-0640,2023-04-13,CUST-1480,45,Female,Home Appliances,Microwave Oven,2,180.0,0.2,288.0,North
TXN-0641,2023-02-04,CUST-1341,20,Unknown,Home Appliances,Air Conditioner,5,650.0,0.05,3087.5,North
TXN-0642,2023-05-11,CUST-1152,49,Female,Electronics,Smartphone,2,550.0,0.25,825.0,North
TXN-0643,2023-04-21,CUST-1292,29,Female,Electronics,Tablet,1,350.0,0.15,297.5,North
TXN-0644,2023-08-28,CUST-1432,21,Male,Electronics,Smartwatch,1,200.0,0.25,150.0,North
TXN-0645,2023-08-16,CUST-1300,50,Unknown,Electronics,Laptop,3,950.0,0.15,2422.5,West
TXN-0646,2023-08-13,CUST-1132,38,Male,Apparel,T-Shirt,5,25.0,0.25,93.75,North
TXN-0647,2023-08-05,CUST-1200,48,Male,Home Appliances,Microwave Oven,1,180.0,0.0,180.0,South
TXN-0648,2023-12-20,CUST-1181,55,Female,Home Appliances,Microwave Oven,3,180.0,0.15,459.0,North
TXN-0649,2023-08-16,CUST-1072,55,Female,Electronics,Laptop,2,950.0,0.05,1805.0,West
TXN-0650,2023-11-05,CUST-1032,25,Male,Apparel,Jacket,2,110.0,0.2,176.0,South
TXN-0651,2023-10-12,CUST-1358,43,Male,Apparel,T-Shirt,3,25.0,0.25,56.25,North
TXN-0652,2023-09-22,CUST-1385,52,Male,Home Appliances,Air Conditioner,4,650.0,0.15,2210.0,West
TXN-0653,2023-11-12,CUST-1357,57,Male,Apparel,Jeans,3,60.0,0.05,171.0,North
TXN-0654,2023-12-18,CUST-1475,40,Female,Home Appliances,Vacuum Cleaner,5,160.0,0.2,640.0,East
TXN-0655,2023-11-03,CUST-1304,26,Female,Apparel,T-Shirt,3,25.0,0.2,60.0,South
TXN-0656,2023-08-05,CUST-1456,43,Male,Apparel,T-Shirt,4,25.0,0.2,80.0,South
TXN-0657,2023-02-25,CUST-1117,43,Male,Electronics,Smartphone,4,550.0,0.1,1980.0,North
TXN-0658,2023-02-21,CUST-1417,51,Male,Electronics,Wireless Headphones,5,120.0,0.25,450.0,East
TXN-0659,2023-01-07,CUST-1209,58,Male,Apparel,Jacket,2,110.0,0.25,165.0,East
TXN-0660,2023-11-22,CUST-1089,53,Male,Home Appliances,Vacuum Cleaner,1,160.0,0.15,136.0,North
TXN-0661,2023-03-13,CUST-1146,65,Female,Electronics,Laptop,4,950.0,0.1,3420.0,East
TXN-0662,2023-03-28,CUST-1277,56,Male,Home Appliances,Microwave Oven,5,180.0,0.1,810.0,South
TXN-0663,2023-01-19,CUST-1366,50,Male,Electronics,Smartphone,3,550.0,0.25,1237.5,West
TXN-0664,2023-10-10,CUST-1466,33,Male,Home Appliances,Refrigerator,5,850.0,0.25,3187.5,North
TXN-0665,2023-06-06,CUST-1245,61,Female,Electronics,Smartphone,4,550.0,0.1,1980.0,South
TXN-0666,2023-10-18,CUST-1330,43,Male,Electronics,Smartwatch,1,200.0,0.05,190.0,South
TXN-0667,2023-01-02,CUST-1222,19,Female,Electronics,Tablet,1,350.0,0.15,297.5,West
TXN-0668,2023-06-13,CUST-1261,35,Female,Electronics,Wireless Headphones,3,120.0,0.05,342.0,South
TXN-0669,2023-10-29,CUST-1462,60,Male,Apparel,T-Shirt,1,25.0,0.15,21.25,North
TXN-0670,2023-11-13,CUST-1395,44,Male,Electronics,Wireless Headphones,2,120.0,0.2,192.0,West
TXN-0671,2023-12-05,CUST-1015,29,Male,Home Appliances,Microwave Oven,1,180.0,0.25,135.0,North
TXN-0672,2023-01-03,CUST-1037,50,Male,Apparel,Running Shoes,4,85.0,0.0,340.0,South
TXN-0673,2023-11-08,CUST-1136,48,Female,Electronics,Laptop,3,950.0,0.05,2707.5,North
TXN-0674,2023-08-11,CUST-1072,49,Female,Apparel,T-Shirt,3,25.0,0.1,67.5,West
TXN-0675,2023-06-17,GUEST-UNKNOWN,51,Male,Apparel,Hat,5,18.0,0.05,85.5,North
TXN-0676,2023-03-01,CUST-1432,60,Male,Electronics,Laptop,4,950.0,0.0,3800.0,North
TXN-0677,2023-09-05,CUST-1449,53,Male,Electronics,Smartphone,5,550.0,0.15,2337.5,North
TXN-0678,2023-09-21,CUST-1275,64,Male,Apparel,Hat,4,18.0,0.15,61.2,South
TXN-0679,2023-04-05,CUST-1441,20,Female,Apparel,Running Shoes,3,85.0,0.15,216.75,South
TXN-0680,2023-03-12,CUST-1417,21,Female,Apparel,Jeans,5,60.0,0.15,255.0,South
TXN-0681,2023-01-15,CUST-1486,67,Female,Home Appliances,Refrigerator,4,850.0,0.1,3060.0,East
TXN-0682,2023-05-18,CUST-1457,46,Female,Home Appliances,Vacuum Cleaner,1,160.0,0.1,144.0,North
TXN-0683,2023-08-14,CUST-1022,66,Male,Electronics,Wireless Headphones,5,120.0,0.05,570.0,South
TXN-0684,2023-01-07,CUST-1142,31,Female,Electronics,Wireless Headphones,1,120.0,0.1,108.0,East
TXN-0685,2023-10-18,GUEST-UNKNOWN,44,Female,Home Appliances,Microwave Oven,5,180.0,0.05,855.0,North
TXN-0686,2023-04-22,CUST-1297,32,Unknown,Home Appliances,Refrigerator,3,850.0,0.05,2422.5,East
TXN-0687,2023-05-27,CUST-1031,54,Male,Electronics,Tablet,1,350.0,0.05,332.5,West
TXN-0688,2023-07-31,CUST-1462,46,Male,Apparel,Running Shoes,4,85.0,0.25,255.0,North
TXN-0689,2023-10-31,CUST-1118,60,Male,Home Appliances,Refrigerator,3,850.0,0.05,2422.5,South
TXN-0690,2023-09-10,CUST-1086,64,Male,Home Appliances,Refrigerator,1,850.0,0.25,637.5,North
TXN-0691,2023-06-10,CUST-1085,53,Male,Home Appliances,Coffee Maker,5,75.0,0.25,281.25,West
TXN-0692,2023-06-19,CUST-1070,28,Unknown,Electronics,Wireless Headphones,2,120.0,0.0,240.0,North
TXN-0693,2023-09-26,CUST-1489,30,Male,Home Appliances,Coffee Maker,3,75.0,0.2,180.0,South
TXN-0694,2023-10-04,CUST-1453,43,Male,Apparel,T-Shirt,5,25.0,0.25,93.75,North
TXN-0695,2023-03-24,CUST-1351,37,Female,Home Appliances,Microwave Oven,2,180.0,0.25,270.0,North
TXN-0696,2023-04-14,CUST-1187,44,Female,Electronics,Laptop,1,950.0,0.0,950.0,South
TXN-0697,2023-01-19,CUST-1156,32,Female,Home Appliances,Microwave Oven,2,180.0,0.05,342.0,North
TXN-0698,2023-06-25,CUST-1077,50,Male,Home Appliances,Coffee Maker,1,75.0,0.15,63.75,East
TXN-0699,2023-04-23,CUST-1068,36,Male,Electronics,Wireless Headphones,2,120.0,0.05,228.0,East
TXN-0700,2023-07-11,CUST-1372,61,Female,Electronics,Smartphone,3,550.0,0.1,1485.0,South
TXN-0701,2023-07-15,CUST-1436,43,Female,Apparel,Hat,3,18.0,0.1,48.6,South
TXN-0702,2023-12-06,CUST-1290,47,Male,Home Appliances,Air Conditioner,5,650.0,0.15,2762.5,East
TXN-0703,2023-04-18,CUST-1221,47,Female,Electronics,Tablet,1,350.0,0.1,315.0,East
TXN-0704,2023-06-15,CUST-1142,20,Female,Home Appliances,Microwave Oven,3,180.0,0.0,540.0,North
TXN-0705,2023-06-08,CUST-1099,37,Female,Electronics,Laptop,1,950.0,0.0,950.0,North
TXN-0706,2023-07-20,GUEST-UNKNOWN,58,Male,Apparel,Running Shoes,2,85.0,0.2,136.0,North
TXN-0707,2023-05-28,CUST-1400,32,Female,Electronics,Smartphone,1,550.0,0.2,440.0,South
TXN-0708,2023-01-20,CUST-1051,53,Female,Apparel,Jeans,4,60.0,0.2,192.0,South
TXN-0709,2023-12-20,CUST-1260,43,Female,Electronics,Smartwatch,5,200.0,0.1,900.0,North
TXN-0710,2023-04-19,GUEST-UNKNOWN,58,Female,Apparel,T-Shirt,3,25.0,0.05,71.25,North
TXN-0711,2023-10-15,GUEST-UNKNOWN,42,Male,Home Appliances,Microwave Oven,4,180.0,0.15,612.0,North
TXN-0712,2023-11-17,CUST-1368,67,Female,Home Appliances,Coffee Maker,4,75.0,0.25,225.0,North
TXN-0713,2023-05-10,CUST-1036,24,Male,Electronics,Smartphone,4,550.0,0.2,1760.0,North
TXN-0714,2023-09-09,CUST-1394,42,Male,Apparel,Jeans,4,60.0,0.1,216.0,South
TXN-0715,2023-03-01,CUST-1158,61,Female,Electronics,Smartwatch,5,200.0,0.2,800.0,South
TXN-0716,2023-01-04,GUEST-UNKNOWN,43,Female,Apparel,Jacket,4,110.0,0.2,352.0,East
TXN-0717,2023-12-01,CUST-1240,42,Female,Electronics,Smartphone,5,550.0,0.1,2475.0,North
TXN-0718,2023-07-08,CUST-1211,33,Female,Electronics,Tablet,3,350.0,0.2,840.0,South
TXN-0719,2023-04-24,CUST-1459,54,Female,Home Appliances,Refrigerator,3,850.0,0.15,2167.5,West
TXN-0720,2023-03-16,CUST-1065,31,Female,Electronics,Tablet,2,350.0,0.25,525.0,North
TXN-0721,2023-03-11,CUST-1170,51,Female,Electronics,Laptop,1,950.0,0.25,712.5,South
TXN-0722,2023-12-23,CUST-1114,21,Male,Electronics,Wireless Headphones,2,120.0,0.15,204.0,South
TXN-0723,2023-08-19,CUST-1345,52,Male,Home Appliances,Microwave Oven,3,180.0,0.05,513.0,West
TXN-0724,2023-04-07,CUST-1079,41,Male,Electronics,Wireless Headphones,2,120.0,0.1,216.0,South
TXN-0725,2023-11-03,CUST-1055,32,Unknown,Electronics,Smartphone,4,550.0,0.2,1760.0,East
TXN-0726,2023-01-30,CUST-1040,32,Female,Electronics,Smartwatch,2,200.0,0.25,300.0,West
TXN-0727,2023-07-17,CUST-1471,48,Female,Electronics,Smartphone,5,550.0,0.25,2062.5,South
TXN-0728,2023-08-05,CUST-1039,23,Male,Apparel,Jacket,5,110.0,0.05,522.5,North
TXN-0729,2023-11-19,CUST-1497,40,Female,Home Appliances,Air Conditioner,4,650.0,0.1,2340.0,East
TXN-0730,2023-07-12,CUST-1450,30,Male,Electronics,Tablet,1,350.0,0.15,297.5,East
TXN-0731,2023-12-16,CUST-1392,61,Male,Apparel,Hat,5,18.0,0.2,72.0,North
TXN-0732,2023-08-03,CUST-1414,41,Male,Electronics,Smartphone,4,550.0,0.25,1650.0,North
TXN-0733,2023-07-29,CUST-1488,22,Male,Home Appliances,Microwave Oven,2,180.0,0.05,342.0,North
TXN-0734,2023-11-25,CUST-1424,65,Male,Electronics,Laptop,4,950.0,0.0,3800.0,West
TXN-0735,2023-01-30,CUST-1428,43,Female,Apparel,Running Shoes,3,85.0,0.15,216.75,North
TXN-0736,2023-03-08,CUST-1072,27,Male,Apparel,Jeans,3,60.0,0.25,135.0,North
TXN-0737,2023-11-11,CUST-1312,54,Male,Apparel,Jacket,1,110.0,0.1,99.0,North
TXN-0738,2023-06-22,CUST-1001,29,Female,Apparel,Running Shoes,2,85.0,0.25,127.5,East
TXN-0739,2023-08-23,CUST-1090,31,Female,Electronics,Tablet,4,350.0,0.25,1050.0,West
TXN-0740,2023-05-07,CUST-1000,60,Male,Electronics,Laptop,5,950.0,0.2,3800.0,North
TXN-0741,2023-09-04,CUST-1386,55,Female,Apparel,Jeans,5,60.0,0.05,285.0,South
TXN-0742,2023-12-21,CUST-1345,43,Male,Apparel,Running Shoes,4,85.0,0.1,306.0,North
TXN-0743,2023-06-16,CUST-1325,43,Male,Apparel,T-Shirt,4,25.0,0.15,85.0,West
TXN-0744,2023-10-11,CUST-1254,57,Male,Electronics,Smartphone,5,550.0,0.15,2337.5,North
TXN-0745,2023-10-01,CUST-1014,68,Female,Apparel,Running Shoes,1,85.0,0.2,68.0,West
TXN-0746,2023-05-19,CUST-1113,43,Female,Electronics,Tablet,5,350.0,0.05,1662.5,West
TXN-0747,2023-07-09,GUEST-UNKNOWN,43,Female,Home Appliances,Air Conditioner,3,650.0,0.15,1657.5,West
TXN-0748,2023-12-07,CUST-1389,19,Female,Apparel,Running Shoes,2,85.0,0.15,144.5,North
TXN-0749,2023-09-05,CUST-1462,41,Male,Apparel,Jeans,4,60.0,0.1,216.0,South
TXN-0750,2023-11-22,CUST-1132,42,Male,Electronics,Smartwatch,2,200.0,0.05,380.0,East
TXN-0751,2023-02-22,CUST-1028,43,Male,Electronics,Smartwatch,4,200.0,0.2,640.0,South
TXN-0752,2023-06-27,CUST-1166,37,Female,Apparel,Hat,4,18.0,0.0,72.0,North
TXN-0753,2023-06-07,CUST-1137,58,Male,Apparel,T-Shirt,4,25.0,0.2,80.0,East
TXN-0754,2023-09-08,GUEST-UNKNOWN,44,Male,Electronics,Smartwatch,2,200.0,0.25,300.0,North
TXN-0755,2023-06-10,GUEST-UNKNOWN,38,Female,Apparel,Jacket,2,110.0,0.25,165.0,West
TXN-0756,2023-05-30,CUST-1226,55,Female,Electronics,Smartwatch,5,200.0,0.15,850.0,North
TXN-0757,2023-01-25,CUST-1295,43,Female,Electronics,Laptop,3,950.0,0.25,2137.5,North
TXN-0758,2023-08-23,CUST-1448,49,Female,Home Appliances,Refrigerator,5,850.0,0.25,3187.5,North
TXN-0759,2023-03-12,CUST-1464,47,Unknown,Home Appliances,Vacuum Cleaner,3,160.0,0.2,384.0,North
TXN-0760,2023-04-04,CUST-1257,52,Male,Electronics,Laptop,3,950.0,0.0,2850.0,North
TXN-0761,2023-03-27,CUST-1161,45,Male,Home Appliances,Microwave Oven,5,180.0,0.05,855.0,North
TXN-0762,2023-03-04,CUST-1005,26,Female,Home Appliances,Refrigerator,5,850.0,0.25,3187.5,South
TXN-0763,2023-08-25,CUST-1356,31,Female,Electronics,Smartwatch,5,200.0,0.25,750.0,East
TXN-0764,2023-06-14,CUST-1149,59,Female,Apparel,Running Shoes,1,85.0,0.25,63.75,West
TXN-0765,2023-08-22,CUST-1392,39,Male,Electronics,Tablet,4,350.0,0.15,1190.0,South
TXN-0766,2023-05-16,CUST-1342,43,Male,Apparel,Jeans,5,60.0,0.15,255.0,South
TXN-0767,2023-01-12,CUST-1253,60,Male,Home Appliances,Coffee Maker,5,75.0,0.15,318.75,West
TXN-0768,2023-08-21,CUST-1100,43,Female,Home Appliances,Refrigerator,3,850.0,0.1,2295.0,South
TXN-0769,2023-07-22,CUST-1020,28,Male,Electronics,Tablet,2,350.0,0.0,700.0,South
TXN-0770,2023-10-17,CUST-1122,21,Female,Electronics,Laptop,1,950.0,0.15,807.5,North
TXN-0771,2023-02-06,CUST-1426,31,Male,Apparel,Jacket,4,110.0,0.0,440.0,West
TXN-0772,2023-08-18,CUST-1077,39,Male,Apparel,Jeans,4,60.0,0.25,180.0,North
TXN-0773,2023-01-14,CUST-1097,46,Male,Electronics,Smartphone,4,550.0,0.05,2090.0,South
TXN-0774,2023-07-28,CUST-1085,22,Male,Home Appliances,Refrigerator,2,850.0,0.1,1530.0,East
TXN-0775,2023-04-20,CUST-1375,19,Male,Electronics,Tablet,5,350.0,0.15,1487.5,West
TXN-0776,2023-06-03,GUEST-UNKNOWN,40,Female,Apparel,Hat,5,18.0,0.25,67.5,East
TXN-0777,2023-12-26,CUST-1211,68,Female,Home Appliances,Air Conditioner,1,650.0,0.05,617.5,North
TXN-0778,2023-02-26,CUST-1290,20,Female,Apparel,Hat,2,18.0,0.15,30.6,West
TXN-0779,2023-09-16,CUST-1210,27,Male,Electronics,Smartphone,2,550.0,0.1,990.0,North
TXN-0780,2023-10-08,CUST-1365,55,Male,Electronics,Smartphone,1,550.0,0.05,522.5,North
TXN-0781,2023-05-06,GUEST-UNKNOWN,55,Male,Apparel,Jeans,4,60.0,0.15,204.0,East
TXN-0782,2023-03-14,CUST-1498,43,Male,Apparel,Running Shoes,1,85.0,0.25,63.75,East
TXN-0783,2023-03-17,CUST-1136,26,Female,Apparel,Jacket,4,110.0,0.2,352.0,South
TXN-0784,2023-06-16,CUST-1326,28,Male,Home Appliances,Refrigerator,1,850.0,0.05,807.5,East
TXN-0785,2023-10-17,CUST-1058,56,Male,Apparel,T-Shirt,5,25.0,0.0,125.0,North
TXN-0786,2023-11-18,CUST-1335,63,Female,Apparel,Hat,3,18.0,0.1,48.6,South
TXN-0787,2023-01-13,CUST-1187,58,Male,Apparel,Jeans,1,60.0,0.05,57.0,East
TXN-0788,2023-01-02,CUST-1198,68,Male,Apparel,Jacket,4,110.0,0.15,374.0,North
TXN-0789,2023-01-31,CUST-1499,37,Female,Apparel,Hat,2,18.0,0.2,28.8,East
TXN-0790,2023-05-10,CUST-1131,43,Male,Home Appliances,Vacuum Cleaner,4,160.0,0.1,576.0,North
TXN-0791,2023-05-28,CUST-1270,44,Female,Home Appliances,Air Conditioner,1,650.0,0.15,552.5,South
TXN-0792,2023-01-16,CUST-1380,33,Male,Home Appliances,Vacuum Cleaner,1,160.0,0.25,120.0,North
TXN-0793,2023-05-22,CUST-1243,66,Male,Home Appliances,Air Conditioner,1,650.0,0.15,552.5,West
TXN-0794,2023-02-20,CUST-1238,41,Male,Electronics,Wireless Headphones,1,120.0,0.2,96.0,North
TXN-0795,2023-08-28,CUST-1484,53,Male,Home Appliances,Air Conditioner,5,650.0,0.2,2600.0,North
TXN-0796,2023-08-03,CUST-1408,43,Female,Apparel,Jacket,3,110.0,0.1,297.0,East
TXN-0797,2023-12-09,CUST-1132,42,Female,Apparel,Hat,3,18.0,0.0,54.0,South
TXN-0798,2023-03-16,GUEST-UNKNOWN,41,Unknown,Home Appliances,Vacuum Cleaner,2,160.0,0.25,240.0,North
TXN-0799,2023-06-04,CUST-1038,32,Unknown,Electronics,Smartphone,5,550.0,0.1,2475.0,West
TXN-0800,2023-02-17,GUEST-UNKNOWN,49,Male,Electronics,Laptop,4,950.0,0.05,3610.0,East
TXN-0801,2023-02-20,CUST-1254,34,Male,Home Appliances,Air Conditioner,2,650.0,0.15,1105.0,East
TXN-0802,2023-08-15,CUST-1256,34,Female,Electronics,Laptop,4,950.0,0.2,3040.0,West
TXN-0803,2023-04-03,CUST-1132,51,Male,Home Appliances,Microwave Oven,4,180.0,0.0,720.0,West
TXN-0804,2023-04-16,CUST-1205,40,Male,Electronics,Laptop,4,950.0,0.25,2850.0,East
TXN-0805,2023-09-07,CUST-1013,56,Female,Home Appliances,Air Conditioner,4,650.0,0.0,2600.0,West
TXN-0806,2023-08-31,CUST-1173,22,Male,Electronics,Smartphone,4,550.0,0.1,1980.0,North
TXN-0807,2023-02-08,CUST-1310,45,Male,Electronics,Laptop,4,950.0,0.05,3610.0,North
TXN-0808,2023-04-02,CUST-1492,18,Male,Home Appliances,Vacuum Cleaner,5,160.0,0.05,760.0,West
TXN-0809,2023-01-21,GUEST-UNKNOWN,43,Male,Home Appliances,Coffee Maker,2,75.0,0.2,120.0,North
TXN-0810,2023-07-23,CUST-1179,53,Female,Electronics,Smartphone,4,550.0,0.2,1760.0,East
TXN-0811,2023-03-06,CUST-1169,28,Male,Electronics,Smartphone,5,550.0,0.2,2200.0,West
TXN-0812,2023-07-31,GUEST-UNKNOWN,43,Male,Apparel,T-Shirt,3,25.0,0.05,71.25,North
TXN-0813,2023-03-22,CUST-1490,20,Female,Home Appliances,Coffee Maker,2,75.0,0.05,142.5,West
TXN-0814,2023-12-22,CUST-1125,33,Male,Electronics,Wireless Headphones,5,120.0,0.15,510.0,East
TXN-0815,2023-11-03,CUST-1314,27,Female,Home Appliances,Air Conditioner,2,650.0,0.15,1105.0,North
TXN-0816,2023-03-09,CUST-1051,43,Female,Apparel,Hat,4,18.0,0.05,68.4,North
TXN-0817,2023-10-20,CUST-1462,35,Male,Electronics,Smartphone,1,550.0,0.1,495.0,North
TXN-0818,2023-08-15,CUST-1238,62,Male,Apparel,Running Shoes,3,85.0,0.05,242.25,East
TXN-0819,2023-10-22,CUST-1301,40,Female,Home Appliances,Vacuum Cleaner,4,160.0,0.15,544.0,East
TXN-0820,2023-08-12,CUST-1009,48,Female,Home Appliances,Refrigerator,3,850.0,0.1,2295.0,North
TXN-0821,2023-04-04,CUST-1207,37,Female,Apparel,Running Shoes,1,85.0,0.15,72.25,North
TXN-0822,2023-12-26,CUST-1227,43,Male,Apparel,Hat,4,18.0,0.05,68.4,North
TXN-0823,2023-04-23,CUST-1090,47,Female,Apparel,Hat,5,18.0,0.2,72.0,West
TXN-0824,2023-03-08,CUST-1480,43,Male,Apparel,Jeans,2,60.0,0.1,108.0,South
TXN-0825,2023-02-17,CUST-1050,36,Male,Electronics,Wireless Headphones,4,120.0,0.1,432.0,South
TXN-0826,2023-08-08,CUST-1051,23,Female,Home Appliances,Coffee Maker,2,75.0,0.15,127.5,East
TXN-0827,2023-04-11,CUST-1389,36,Female,Home Appliances,Air Conditioner,1,650.0,0.15,552.5,North
TXN-0828,2023-06-23,CUST-1160,29,Male,Apparel,Hat,2,18.0,0.05,34.2,South
TXN-0829,2023-08-22,CUST-1026,52,Female,Electronics,Smartwatch,4,200.0,0.05,760.0,West
TXN-0830,2023-11-08,CUST-1243,25,Unknown,Home Appliances,Refrigerator,5,850.0,0.2,3400.0,South
TXN-0831,2023-05-17,CUST-1202,31,Unknown,Apparel,Jacket,4,110.0,0.05,418.0,East
TXN-0832,2023-04-22,CUST-1023,54,Male,Apparel,T-Shirt,5,25.0,0.15,106.25,North
TXN-0833,2023-03-02,CUST-1287,22,Female,Home Appliances,Vacuum Cleaner,1,160.0,0.05,152.0,West
TXN-0834,2023-11-12,CUST-1476,27,Female,Home Appliances,Vacuum Cleaner,1,160.0,0.2,128.0,West
TXN-0835,2023-12-07,CUST-1167,56,Male,Home Appliances,Microwave Oven,4,180.0,0.25,540.0,South
TXN-0836,2023-09-29,CUST-1380,33,Male,Apparel,Hat,5,18.0,0.15,76.5,North
TXN-0837,2023-01-27,CUST-1395,27,Female,Home Appliances,Vacuum Cleaner,4,160.0,0.05,608.0,North
TXN-0838,2023-11-24,CUST-1084,29,Male,Apparel,Running Shoes,1,85.0,0.25,63.75,East
TXN-0839,2023-01-02,CUST-1452,28,Female,Apparel,Running Shoes,2,85.0,0.2,136.0,East
TXN-0840,2023-11-01,CUST-1171,49,Male,Home Appliances,Air Conditioner,2,650.0,0.05,1235.0,East
TXN-0841,2023-01-05,CUST-1207,21,Female,Electronics,Smartwatch,4,200.0,0.15,680.0,North
TXN-0842,2023-09-30,CUST-1008,62,Female,Home Appliances,Refrigerator,4,850.0,0.2,2720.0,North
TXN-0843,2023-07-26,CUST-1270,26,Male,Apparel,Jeans,2,60.0,0.25,90.0,North
TXN-0844,2023-07-16,CUST-1476,30,Female,Electronics,Smartphone,2,550.0,0.1,990.0,East
TXN-0845,2023-09-21,CUST-1190,37,Male,Apparel,Running Shoes,5,85.0,0.25,318.75,North
TXN-0846,2023-01-06,CUST-1025,47,Male,Apparel,Jeans,2,60.0,0.1,108.0,West
TXN-0847,2023-10-22,CUST-1278,57,Female,Home Appliances,Air Conditioner,2,650.0,0.1,1170.0,North
TXN-0848,2023-09-06,CUST-1318,57,Female,Home Appliances,Coffee Maker,3,75.0,0.0,225.0,North
TXN-0849,2023-11-12,CUST-1292,66,Male,Apparel,Jacket,3,110.0,0.05,313.5,North
TXN-0850,2023-01-27,CUST-1037,21,Male,Electronics,Smartphone,5,550.0,0.25,2062.5,North
TXN-0851,2023-05-31,CUST-1311,43,Female,Home Appliances,Air Conditioner,2,650.0,0.05,1235.0,North
TXN-0852,2023-08-30,CUST-1436,48,Male,Electronics,Laptop,3,950.0,0.05,2707.5,North
TXN-0853,2023-08-20,CUST-1342,25,Male,Apparel,T-Shirt,1,25.0,0.25,18.75,South
TXN-0854,2023-07-10,CUST-1348,67,Male,Apparel,Hat,3,18.0,0.25,40.5,North
TXN-0855,2023-07-15,CUST-1443,64,Male,Home Appliances,Coffee Maker,1,75.0,0.2,60.0,North
TXN-0856,2023-03-28,CUST-1314,62,Male,Apparel,Hat,4,18.0,0.25,54.0,North
TXN-0857,2023-03-03,CUST-1232,28,Female,Home Appliances,Microwave Oven,3,180.0,0.05,513.0,South
TXN-0858,2023-08-16,CUST-1421,33,Female,Electronics,Laptop,4,950.0,0.2,3040.0,East
TXN-0859,2023-10-01,CUST-1284,43,Male,Electronics,Laptop,4,950.0,0.25,2850.0,North
TXN-0860,2023-10-07,GUEST-UNKNOWN,25,Male,Apparel,Hat,5,18.0,0.2,72.0,North
TXN-0861,2023-11-29,GUEST-UNKNOWN,20,Female,Apparel,Hat,3,18.0,0.25,40.5,West
TXN-0862,2023-03-05,CUST-1280,40,Male,Electronics,Laptop,2,950.0,0.2,1520.0,East
TXN-0863,2023-08-04,CUST-1005,27,Female,Electronics,Laptop,5,950.0,0.05,4512.5,East
TXN-0864,2023-02-18,CUST-1292,34,Male,Apparel,Jacket,4,110.0,0.0,440.0,West
TXN-0865,2023-01-28,CUST-1376,51,Female,Apparel,Hat,3,18.0,0.15,45.9,East
TXN-0866,2023-01-04,CUST-1496,48,Male,Apparel,Running Shoes,2,85.0,0.1,153.0,South
TXN-0867,2023-12-16,CUST-1148,53,Female,Home Appliances,Air Conditioner,4,650.0,0.2,2080.0,West
TXN-0868,2023-06-23,GUEST-UNKNOWN,54,Male,Home Appliances,Vacuum Cleaner,3,160.0,0.05,456.0,West
TXN-0869,2023-06-14,CUST-1064,46,Female,Apparel,T-Shirt,1,25.0,0.1,22.5,North
TXN-0870,2023-03-07,CUST-1480,50,Male,Home Appliances,Coffee Maker,4,75.0,0.1,270.0,West
TXN-0871,2023-06-05,CUST-1019,37,Male,Home Appliances,Air Conditioner,3,650.0,0.05,1852.5,South
TXN-0872,2023-07-27,CUST-1433,68,Female,Home Appliances,Refrigerator,5,850.0,0.25,3187.5,North
TXN-0873,2023-02-09,CUST-1017,38,Male,Home Appliances,Air Conditioner,4,650.0,0.1,2340.0,North
TXN-0874,2023-06-03,CUST-1236,22,Female,Apparel,Jacket,4,110.0,0.2,352.0,South
TXN-0875,2023-11-25,CUST-1294,35,Female,Apparel,Hat,2,18.0,0.2,28.8,North
TXN-0876,2023-03-14,CUST-1050,38,Female,Apparel,Hat,4,18.0,0.05,68.4,North
TXN-0877,2023-07-17,CUST-1212,36,Female,Electronics,Smartphone,3,550.0,0.25,1237.5,South
TXN-0878,2023-09-28,CUST-1397,48,Male,Electronics,Smartwatch,3,200.0,0.05,570.0,North
TXN-0879,2023-10-01,CUST-1142,60,Female,Home Appliances,Refrigerator,5,850.0,0.1,3825.0,West
TXN-0880,2023-06-02,CUST-1394,37,Male,Electronics,Smartphone,1,550.0,0.1,495.0,South
TXN-0881,2023-11-30,CUST-1181,66,Female,Electronics,Tablet,2,350.0,0.25,525.0,South
TXN-0882,2023-09-20,CUST-1267,50,Male,Electronics,Laptop,5,950.0,0.1,4275.0,North
TXN-0883,2023-04-10,CUST-1195,54,Female,Apparel,Jacket,4,110.0,0.2,352.0,North
TXN-0884,2023-03-29,CUST-1018,45,Male,Home Appliances,Coffee Maker,5,75.0,0.15,318.75,South
TXN-0885,2023-09-26,CUST-1431,50,Female,Apparel,Hat,5,18.0,0.25,67.5,West
TXN-0886,2023-03-21,CUST-1121,29,Female,Electronics,Smartphone,5,550.0,0.2,2200.0,North
TXN-0887,2023-09-08,CUST-1494,21,Male,Home Appliances,Microwave Oven,2,180.0,0.2,288.0,East
TXN-0888,2023-08-04,CUST-1441,32,Male,Electronics,Smartphone,1,550.0,0.05,522.5,East
TXN-0889,2023-12-13,CUST-1244,65,Male,Apparel,Jacket,5,110.0,0.2,440.0,South
TXN-0890,2023-06-15,CUST-1058,67,Male,Home Appliances,Microwave Oven,4,180.0,0.15,612.0,South
TXN-0891,2023-08-31,GUEST-UNKNOWN,67,Female,Apparel,Jeans,3,60.0,0.05,171.0,North
TXN-0892,2023-12-27,CUST-1260,65,Male,Apparel,Hat,3,18.0,0.05,51.3,South
TXN-0893,2023-05-07,CUST-1238,68,Female,Apparel,Running Shoes,5,85.0,0.0,425.0,North
TXN-0894,2023-08-06,GUEST-UNKNOWN,43,Male,Electronics,Laptop,3,950.0,0.15,2422.5,North
TXN-0895,2023-10-15,CUST-1013,64,Female,Electronics,Wireless Headphones,2,120.0,0.05,228.0,North
TXN-0896,2023-04-07,CUST-1382,45,Male,Apparel,Running Shoes,1,85.0,0.1,76.5,South
TXN-0897,2023-08-13,CUST-1183,43,Female,Home Appliances,Refrigerator,3,850.0,0.15,2167.5,South
TXN-0898,2023-07-12,CUST-1384,54,Female,Electronics,Tablet,2,350.0,0.15,595.0,West
TXN-0899,2023-01-02,CUST-1373,68,Male,Apparel,T-Shirt,5,25.0,0.0,125.0,South
TXN-0900,2023-07-04,CUST-1191,30,Male,Home Appliances,Coffee Maker,3,75.0,0.15,191.25,East
TXN-0901,2023-02-18,CUST-1191,64,Female,Apparel,Jeans,1,60.0,0.05,57.0,West
TXN-0902,2023-10-08,GUEST-UNKNOWN,38,Male,Electronics,Laptop,1,950.0,0.05,902.5,East
TXN-0903,2023-01-28,CUST-1221,62,Male,Electronics,Smartphone,2,550.0,0.15,935.0,East
TXN-0904,2023-05-08,CUST-1436,38,Female,Apparel,Jeans,1,60.0,0.05,57.0,North
TXN-0905,2023-04-27,CUST-1489,28,Female,Electronics,Smartwatch,2,200.0,0.25,300.0,East
TXN-0906,2023-09-04,CUST-1298,66,Female,Apparel,Jeans,3,60.0,0.05,171.0,East
TXN-0907,2023-06-20,CUST-1199,33,Female,Home Appliances,Vacuum Cleaner,3,160.0,0.15,408.0,East
TXN-0908,2023-12-06,CUST-1357,26,Female,Apparel,Jeans,4,60.0,0.05,228.0,South
TXN-0909,2023-11-17,CUST-1337,50,Male,Home Appliances,Refrigerator,2,850.0,0.25,1275.0,West
TXN-0910,2023-02-21,CUST-1045,43,Unknown,Electronics,Laptop,1,950.0,0.2,760.0,North
TXN-0911,2023-05-21,CUST-1146,67,Female,Apparel,Jeans,2,60.0,0.1,108.0,North
TXN-0912,2023-03-06,CUST-1258,60,Female,Home Appliances,Microwave Oven,4,180.0,0.1,648.0,East
TXN-0913,2023-03-28,GUEST-UNKNOWN,54,Female,Electronics,Laptop,3,950.0,0.1,2565.0,North
TXN-0914,2023-01-20,CUST-1436,52,Male,Home Appliances,Coffee Maker,2,75.0,0.15,127.5,East
TXN-0915,2023-12-23,CUST-1428,31,Female,Electronics,Smartphone,1,550.0,0.05,522.5,North
TXN-0916,2023-08-26,CUST-1284,23,Female,Electronics,Wireless Headphones,1,120.0,0.25,90.0,North
TXN-0917,2023-10-11,GUEST-UNKNOWN,25,Female,Electronics,Smartwatch,1,200.0,0.15,170.0,North
TXN-0918,2023-02-04,CUST-1085,59,Male,Apparel,Jeans,1,60.0,0.15,51.0,South
TXN-0919,2023-10-19,CUST-1054,64,Female,Apparel,Running Shoes,2,85.0,0.05,161.5,East
TXN-0920,2023-01-14,CUST-1339,43,Male,Apparel,T-Shirt,4,25.0,0.25,75.0,East
TXN-0921,2023-10-05,CUST-1411,52,Female,Apparel,Jeans,2,60.0,0.1,108.0,North
TXN-0922,2023-04-09,CUST-1000,66,Female,Apparel,Running Shoes,1,85.0,0.0,85.0,West
TXN-0923,2023-03-16,CUST-1422,43,Male,Home Appliances,Coffee Maker,4,75.0,0.05,285.0,East
TXN-0924,2023-06-04,CUST-1402,24,Male,Electronics,Smartwatch,2,200.0,0.25,300.0,West
TXN-0925,2023-10-14,CUST-1116,25,Male,Home Appliances,Coffee Maker,2,75.0,0.15,127.5,North
TXN-0926,2023-06-06,CUST-1294,43,Female,Apparel,Hat,5,18.0,0.2,72.0,East
TXN-0927,2023-01-23,CUST-1047,53,Female,Apparel,Jacket,3,110.0,0.25,247.5,West
TXN-0928,2023-04-03,CUST-1123,29,Female,Home Appliances,Vacuum Cleaner,3,160.0,0.2,384.0,North
TXN-0929,2023-01-15,CUST-1193,43,Female,Home Appliances,Coffee Maker,5,75.0,0.1,337.5,West
TXN-0930,2023-04-26,GUEST-UNKNOWN,43,Female,Apparel,Jeans,5,60.0,0.2,240.0,South
TXN-0931,2023-04-01,CUST-1427,43,Male,Apparel,Hat,2,18.0,0.15,30.6,North
TXN-0932,2023-10-23,CUST-1115,56,Male,Electronics,Laptop,4,950.0,0.15,3230.0,North
TXN-0933,2023-01-02,CUST-1460,43,Male,Electronics,Wireless Headphones,4,120.0,0.15,408.0,North
TXN-0934,2023-06-01,CUST-1467,46,Female,Apparel,Hat,4,18.0,0.25,54.0,East
TXN-0935,2023-02-07,CUST-1125,48,Female,Home Appliances,Microwave Oven,3,180.0,0.05,513.0,West
TXN-0936,2023-05-26,CUST-1254,27,Male,Home Appliances,Refrigerator,3,850.0,0.25,1912.5,South
TXN-0937,2023-05-13,CUST-1435,26,Female,Electronics,Tablet,4,350.0,0.1,1260.0,North
TXN-0938,2023-07-18,CUST-1149,68,Female,Home Appliances,Vacuum Cleaner,3,160.0,0.15,408.0,East
TXN-0939,2023-08-18,CUST-1118,57,Male,Home Appliances,Air Conditioner,3,650.0,0.0,1950.0,West
TXN-0940,2023-12-20,CUST-1466,54,Male,Apparel,Running Shoes,2,85.0,0.25,127.5,South
TXN-0941,2023-08-16,CUST-1474,38,Female,Electronics,Smartwatch,2,200.0,0.05,380.0,North
TXN-0942,2023-01-26,CUST-1137,67,Female,Home Appliances,Vacuum Cleaner,1,160.0,0.25,120.0,East
TXN-0943,2023-06-21,CUST-1456,26,Unknown,Electronics,Smartphone,2,550.0,0.0,1100.0,North
TXN-0944,2023-02-25,CUST-1402,63,Female,Electronics,Laptop,1,950.0,0.0,950.0,West
TXN-0945,2023-08-02,CUST-1324,59,Male,Apparel,T-Shirt,1,25.0,0.2,20.0,North
TXN-0946,2023-08-11,CUST-1336,51,Male,Home Appliances,Coffee Maker,4,75.0,0.25,225.0,West
TXN-0947,2023-06-12,CUST-1021,39,Female,Electronics,Smartwatch,3,200.0,0.15,510.0,West
TXN-0948,2023-05-25,CUST-1239,39,Male,Electronics,Tablet,4,350.0,0.1,1260.0,West
TXN-0949,2023-09-03,CUST-1331,58,Male,Electronics,Tablet,1,350.0,0.1,315.0,North
TXN-0950,2023-08-30,CUST-1391,63,Female,Home Appliances,Coffee Maker,1,75.0,0.2,60.0,North
TXN-0951,2023-08-15,CUST-1366,36,Female,Electronics,Smartphone,4,550.0,0.2,1760.0,East
TXN-0952,2023-11-09,CUST-1233,57,Female,Apparel,T-Shirt,5,25.0,0.15,106.25,South
TXN-0953,2023-08-23,CUST-1428,34,Female,Home Appliances,Air Conditioner,2,650.0,0.25,975.0,North
TXN-0954,2023-02-05,CUST-1004,43,Unknown,Electronics,Smartphone,4,550.0,0.1,1980.0,West
TXN-0955,2023-02-15,CUST-1241,42,Female,Home Appliances,Coffee Maker,2,75.0,0.2,120.0,West
TXN-0956,2023-06-08,CUST-1303,49,Male,Electronics,Tablet,2,350.0,0.0,700.0,East
TXN-0957,2023-10-29,CUST-1421,43,Male,Electronics,Laptop,2,950.0,0.05,1805.0,West
TXN-0958,2023-01-11,CUST-1058,37,Female,Home Appliances,Vacuum Cleaner,3,160.0,0.25,360.0,South
TXN-0959,2023-08-16,CUST-1201,19,Male,Home Appliances,Microwave Oven,5,180.0,0.2,720.0,North
TXN-0960,2023-06-28,CUST-1379,45,Male,Electronics,Smartphone,5,550.0,0.1,2475.0,North
TXN-0961,2023-09-06,CUST-1253,26,Female,Apparel,Jeans,3,60.0,0.1,162.0,East
TXN-0962,2023-08-16,CUST-1352,23,Female,Apparel,Jeans,5,60.0,0.25,225.0,East
TXN-0963,2023-09-02,CUST-1308,19,Male,Apparel,Hat,1,18.0,0.05,17.1,South
TXN-0964,2023-02-05,CUST-1444,52,Male,Apparel,Hat,3,18.0,0.15,45.9,West
TXN-0965,2023-11-22,CUST-1452,59,Male,Home Appliances,Air Conditioner,4,650.0,0.1,2340.0,East
TXN-0966,2023-02-03,CUST-1499,40,Female,Home Appliances,Refrigerator,2,850.0,0.1,1530.0,South
TXN-0967,2023-10-06,GUEST-UNKNOWN,41,Male,Apparel,Running Shoes,4,85.0,0.15,289.0,East
TXN-0968,2023-10-02,GUEST-UNKNOWN,21,Male,Home Appliances,Vacuum Cleaner,1,160.0,0.25,120.0,West
TXN-0969,2023-03-14,CUST-1176,18,Male,Home Appliances,Coffee Maker,1,75.0,0.15,63.75,East
TXN-0970,2023-02-03,CUST-1351,32,Female,Electronics,Smartwatch,1,200.0,0.05,190.0,West
TXN-0971,2023-05-16,CUST-1463,25,Female,Home Appliances,Vacuum Cleaner,3,160.0,0.05,456.0,East
TXN-0972,2023-02-10,CUST-1424,32,Male,Electronics,Laptop,4,950.0,0.05,3610.0,West
TXN-0973,2023-08-05,CUST-1389,29,Male,Apparel,T-Shirt,4,25.0,0.1,90.0,South
TXN-0974,2023-11-13,CUST-1252,20,Female,Home Appliances,Coffee Maker,4,75.0,0.1,270.0,West
TXN-0975,2023-06-07,CUST-1149,41,Male,Electronics,Smartphone,2,550.0,0.15,935.0,East
TXN-0976,2023-10-30,CUST-1458,30,Male,Electronics,Wireless Headphones,1,120.0,0.2,96.0,North
TXN-0977,2023-12-11,CUST-1491,46,Male,Electronics,Laptop,5,950.0,0.0,4750.0,East
TXN-0978,2023-04-22,CUST-1395,43,Female,Apparel,Jacket,5,110.0,0.05,522.5,North
TXN-0979,2023-03-09,CUST-1124,20,Male,Electronics,Smartphone,4,550.0,0.0,2200.0,West
TXN-0980,2023-06-28,CUST-1074,50,Male,Home Appliances,Microwave Oven,3,180.0,0.05,513.0,South
TXN-0981,2023-03-12,CUST-1016,61,Female,Apparel,Running Shoes,5,85.0,0.1,382.5,South
TXN-0982,2023-09-06,CUST-1181,63,Male,Home Appliances,Microwave Oven,3,180.0,0.25,405.0,West
TXN-0983,2023-02-11,CUST-1041,37,Female,Apparel,T-Shirt,1,25.0,0.2,20.0,West
TXN-0984,2023-03-14,CUST-1068,42,Female,Apparel,Jeans,2,60.0,0.05,114.0,South
TXN-0985,2023-07-14,CUST-1195,64,Male,Home Appliances,Microwave Oven,3,180.0,0.1,486.0,East
TXN-0986,2023-09-03,CUST-1500,48,Male,Electronics,Wireless Headphones,5,120.0,0.1,540.0,North
TXN-0987,2023-11-01,CUST-1029,35,Male,Home Appliances,Air Conditioner,1,650.0,0.15,552.5,West
TXN-0988,2023-08-17,CUST-1333,43,Female,Electronics,Laptop,3,950.0,0.25,2137.5,West
TXN-0989,2023-02-26,CUST-1213,53,Male,Electronics,Laptop,3,950.0,0.1,2565.0,East
TXN-0990,2023-04-02,CUST-1311,53,Male,Apparel,Jacket,5,110.0,0.1,495.0,West
TXN-0991,2023-08-07,CUST-1087,62,Male,Electronics,Laptop,3,950.0,0.05,2707.5,East
TXN-0992,2023-06-20,CUST-1495,56,Female,Apparel,Running Shoes,2,85.0,0.15,144.5,North
TXN-0993,2023-10-13,CUST-1485,44,Male,Apparel,T-Shirt,5,25.0,0.1,112.5,East
TXN-0994,2023-01-27,GUEST-UNKNOWN,43,Female,Electronics,Smartwatch,3,200.0,0.15,510.0,North
TXN-0995,2023-02-25,CUST-1168,23,Female,Home Appliances,Refrigerator,4,850.0,0.1,3060.0,North
TXN-0996,2023-03-29,CUST-1048,68,Male,Home Appliances,Microwave Oven,2,180.0,0.0,360.0,South
TXN-0997,2023-03-28,CUST-1342,62,Female,Electronics,Wireless Headphones,1,120.0,0.0,120.0,North
TXN-0998,2023-02-22,CUST-1317,47,Unknown,Electronics,Wireless Headphones,5,120.0,0.05,570.0,North
TXN-0999,2023-10-23,GUEST-UNKNOWN,42,Female,Home Appliances,Refrigerator,2,850.0,0.05,1615.0,North
TXN-1000,2023-09-01,CUST-1143,36,Unknown,Home Appliances,Microwave Oven,2,180.0,0.1,324.0,West
TXN-1001,2023-08-12,CUST-1397,29,Female,Apparel,Jeans,4,60.0,0.25,180.0,West
TXN-1002,2023-11-15,CUST-1245,33,Female,Home Appliances,Air Conditioner,4,650.0,0.25,1950.0,North
TXN-1003,2023-10-29,CUST-1233,36,Female,Home Appliances,Air Conditioner,5,650.0,0.0,3250.0,North
TXN-1004,2023-08-10,CUST-1225,66,Female,Home Appliances,Vacuum Cleaner,4,160.0,0.05,608.0,East
TXN-1005,2023-12-06,CUST-1092,41,Female,Apparel,Jacket,3,110.0,0.2,264.0,East
TXN-1006,2023-01-24,CUST-1091,48,Female,Electronics,Wireless Headphones,2,120.0,0.15,204.0,East
TXN-1007,2023-06-04,CUST-1127,33,Female,Home Appliances,Vacuum Cleaner,2,160.0,0.0,320.0,North
TXN-1008,2023-02-13,CUST-1150,41,Female,Apparel,T-Shirt,4,25.0,0.2,80.0,South
TXN-1009,2023-09-18,CUST-1125,61,Male,Apparel,Jeans,1,60.0,0.2,48.0,North
TXN-1010,2023-07-31,CUST-1275,57,Female,Home Appliances,Microwave Oven,3,180.0,0.25,405.0,West
TXN-1011,2023-10-05,CUST-1285,27,Unknown,Home Appliances,Air Conditioner,3,650.0,0.2,1560.0,North
TXN-1012,2023-01-17,GUEST-UNKNOWN,68,Female,Home Appliances,Air Conditioner,3,650.0,0.2,1560.0,North
TXN-1013,2023-08-09,CUST-1390,43,Male,Apparel,Jeans,3,60.0,0.05,171.0,East
TXN-1014,2023-06-10,CUST-1162,46,Male,Home Appliances,Vacuum Cleaner,1,160.0,0.05,152.0,East
TXN-1015,2023-03-17,GUEST-UNKNOWN,43,Female,Apparel,Running Shoes,2,85.0,0.1,153.0,West
TXN-1016,2023-05-04,CUST-1034,31,Female,Home Appliances,Microwave Oven,2,180.0,0.25,270.0,North
TXN-1017,2023-04-07,CUST-1476,28,Male,Electronics,Smartphone,5,550.0,0.15,2337.5,North
TXN-1018,2023-07-07,CUST-1181,44,Female,Electronics,Smartwatch,5,200.0,0.25,750.0,North
TXN-1019,2023-06-05,CUST-1087,42,Female,Apparel,Running Shoes,2,85.0,0.25,127.5,North
TXN-1020,2023-01-29,CUST-1197,56,Male,Home Appliances,Refrigerator,4,850.0,0.05,3230.0,East
TXN-1021,2023-08-30,CUST-1370,23,Female,Electronics,Tablet,1,350.0,0.25,262.5,East
TXN-1022,2023-11-11,CUST-1233,45,Male,Apparel,T-Shirt,5,25.0,0.25,93.75,North
TXN-1023,2023-02-22,CUST-1383,62,Male,Home Appliances,Coffee Maker,1,75.0,0.1,67.5,East
TXN-1024,2023-03-16,CUST-1467,57,Male,Electronics,Tablet,3,350.0,0.05,997.5,North
TXN-1025,2023-03-17,CUST-1022,68,Male,Home Appliances,Refrigerator,3,850.0,0.15,2167.5,West
TXN-1026,2023-10-27,CUST-1132,42,Female,Home Appliances,Refrigerator,5,850.0,0.25,3187.5,North
TXN-1027,2023-11-28,CUST-1045,30,Male,Apparel,Jeans,1,60.0,0.0,60.0,West
TXN-1028,2023-06-15,CUST-1291,63,Male,Apparel,Hat,4,18.0,0.05,68.4,North
TXN-1029,2023-04-24,CUST-1413,66,Female,Apparel,T-Shirt,2,25.0,0.25,37.5,West
TXN-1030,2023-01-01,CUST-1191,50,Female,Home Appliances,Coffee Maker,4,75.0,0.15,255.0,North
TXN-1031,2023-10-22,CUST-1325,38,Female,Apparel,T-Shirt,5,25.0,0.15,106.25,East
TXN-1032,2023-06-15,CUST-1404,34,Male,Apparel,Jacket,4,110.0,0.25,330.0,North
TXN-1033,2023-04-16,CUST-1427,20,Female,Apparel,Hat,3,18.0,0.25,40.5,West
TXN-1034,2023-05-11,CUST-1411,20,Male,Home Appliances,Air Conditioner,2,650.0,0.25,975.0,East
TXN-1035,2023-05-20,CUST-1456,45,Male,Electronics,Wireless Headphones,3,120.0,0.15,306.0,West
TXN-1036,2023-06-28,CUST-1078,20,Male,Home Appliances,Vacuum Cleaner,2,160.0,0.15,272.0,South
TXN-1037,2023-11-07,CUST-1147,43,Female,Electronics,Smartwatch,1,200.0,0.0,200.0,South
TXN-1038,2023-03-26,CUST-1141,66,Male,Apparel,Hat,4,18.0,0.0,72.0,East
TXN-1039,2023-11-10,CUST-1427,45,Female,Electronics,Wireless Headphones,1,120.0,0.05,114.0,North
TXN-1040,2023-04-18,CUST-1026,39,Female,Apparel,T-Shirt,1,25.0,0.1,22.5,South
TXN-1041,2023-04-25,CUST-1249,39,Female,Electronics,Laptop,5,950.0,0.25,3562.5,West
TXN-1042,2023-09-14,CUST-1403,34,Male,Apparel,T-Shirt,3,25.0,0.15,63.75,North
TXN-1043,2023-09-10,CUST-1420,25,Female,Electronics,Wireless Headphones,3,120.0,0.0,360.0,West
TXN-1044,2023-11-12,CUST-1053,42,Male,Apparel,T-Shirt,5,25.0,0.05,118.75,West
TXN-1045,2023-10-27,CUST-1101,33,Female,Home Appliances,Air Conditioner,2,650.0,0.1,1170.0,North
TXN-1046,2023-05-20,CUST-1158,57,Female,Electronics,Laptop,4,950.0,0.25,2850.0,North
TXN-1047,2023-01-27,CUST-1396,53,Female,Home Appliances,Microwave Oven,4,180.0,0.05,684.0,North
TXN-1048,2023-02-15,CUST-1407,58,Female,Electronics,Laptop,5,950.0,0.15,4037.5,South
TXN-1049,2023-10-07,CUST-1162,25,Female,Apparel,Jeans,5,60.0,0.25,225.0,East
TXN-1050,2023-06-04,CUST-1441,42,Male,Apparel,Running Shoes,2,85.0,0.2,136.0,West
TXN-1051,2023-07-22,CUST-1293,43,Female,Apparel,Jacket,5,110.0,0.05,522.5,South
TXN-1052,2023-09-26,CUST-1052,32,Unknown,Apparel,Running Shoes,4,85.0,0.05,323.0,North
TXN-1053,2023-01-11,CUST-1494,49,Male,Home Appliances,Microwave Oven,5,180.0,0.15,765.0,North
TXN-1054,2023-03-14,CUST-1279,37,Female,Electronics,Smartphone,3,550.0,0.25,1237.5,North
TXN-1055,2023-02-11,CUST-1077,23,Female,Home Appliances,Refrigerator,2,850.0,0.0,1700.0,North
TXN-1056,2023-01-17,CUST-1457,34,Female,Electronics,Smartwatch,2,200.0,0.2,320.0,East
TXN-1057,2023-08-26,CUST-1143,59,Female,Apparel,Jacket,1,110.0,0.1,99.0,West
TXN-1058,2023-09-13,CUST-1277,20,Female,Apparel,T-Shirt,4,25.0,0.2,80.0,East
TXN-1059,2023-10-24,CUST-1060,54,Male,Home Appliances,Vacuum Cleaner,4,160.0,0.25,480.0,North
TXN-1060,2023-04-15,CUST-1350,65,Female,Home Appliances,Air Conditioner,4,650.0,0.2,2080.0,West
TXN-1061,2023-11-02,GUEST-UNKNOWN,44,Male,Apparel,Jacket,4,110.0,0.1,396.0,North
TXN-1062,2023-01-17,CUST-1085,30,Male,Home Appliances,Microwave Oven,3,180.0,0.2,432.0,North
TXN-1063,2023-11-10,CUST-1275,26,Male,Apparel,Jeans,4,60.0,0.25,180.0,North
TXN-1064,2023-10-24,CUST-1185,27,Male,Electronics,Laptop,3,950.0,0.2,2280.0,North
TXN-1065,2023-04-28,CUST-1127,20,Male,Electronics,Smartphone,5,550.0,0.25,2062.5,North
TXN-1066,2023-03-22,CUST-1088,60,Male,Electronics,Wireless Headphones,5,120.0,0.0,600.0,North
TXN-1067,2023-01-11,CUST-1385,43,Female,Electronics,Tablet,4,350.0,0.0,1400.0,West
TXN-1068,2023-11-29,CUST-1207,34,Male,Apparel,T-Shirt,3,25.0,0.25,56.25,West
TXN-1069,2023-07-23,CUST-1407,46,Male,Electronics,Smartwatch,3,200.0,0.05,570.0,North
TXN-1070,2023-05-09,GUEST-UNKNOWN,26,Unknown,Home Appliances,Vacuum Cleaner,2,160.0,0.0,320.0,West
TXN-1071,2023-06-24,CUST-1274,41,Male,Apparel,Hat,5,18.0,0.15,76.5,South
TXN-1072,2023-04-04,CUST-1298,40,Female,Home Appliances,Coffee Maker,4,75.0,0.2,240.0,South
TXN-1073,2023-11-22,CUST-1155,49,Female,Electronics,Smartwatch,3,200.0,0.0,600.0,South
TXN-1074,2023-10-01,CUST-1241,21,Male,Electronics,Wireless Headphones,2,120.0,0.2,192.0,East
TXN-1075,2023-11-01,CUST-1118,43,Male,Electronics,Wireless Headphones,2,120.0,0.1,216.0,East
TXN-1076,2023-10-20,CUST-1267,32,Female,Apparel,Jeans,5,60.0,0.15,255.0,West
TXN-1077,2023-02-04,CUST-1250,38,Male,Apparel,Jeans,4,60.0,0.2,192.0,North
TXN-1078,2023-06-06,CUST-1141,67,Male,Electronics,Smartwatch,3,200.0,0.25,450.0,West
TXN-1079,2023-05-22,CUST-1106,43,Female,Electronics,Smartwatch,1,200.0,0.1,180.0,East
TXN-1080,2023-06-03,CUST-1249,40,Female,Electronics,Smartphone,1,550.0,0.15,467.5,North
TXN-1081,2023-10-07,CUST-1416,43,Female,Apparel,T-Shirt,3,25.0,0.15,63.75,West
TXN-1082,2023-06-20,CUST-1254,43,Male,Electronics,Laptop,2,950.0,0.05,1805.0,East
TXN-1083,2023-06-11,CUST-1223,36,Female,Electronics,Smartwatch,5,200.0,0.2,800.0,North
TXN-1084,2023-01-23,CUST-1049,56,Female,Electronics,Laptop,4,950.0,0.25,2850.0,East
TXN-1085,2023-09-28,CUST-1023,60,Female,Electronics,Laptop,5,950.0,0.05,4512.5,South
TXN-1086,2023-03-21,CUST-1144,43,Male,Apparel,Jacket,5,110.0,0.15,467.5,North
TXN-1087,2023-07-18,CUST-1194,46,Female,Electronics,Wireless Headphones,4,120.0,0.1,432.0,West
TXN-1088,2023-10-29,CUST-1270,39,Male,Electronics,Smartwatch,2,200.0,0.1,360.0,North
TXN-1089,2023-02-22,CUST-1191,38,Unknown,Electronics,Smartphone,1,550.0,0.2,440.0,South
TXN-1090,2023-02-19,GUEST-UNKNOWN,33,Male,Apparel,Jeans,5,60.0,0.15,255.0,East
TXN-1091,2023-07-31,CUST-1354,56,Male,Electronics,Wireless Headphones,1,120.0,0.15,102.0,North
TXN-1092,2023-11-22,CUST-1099,48,Female,Apparel,Jacket,3,110.0,0.2,264.0,North
TXN-1093,2023-07-07,CUST-1446,62,Female,Electronics,Wireless Headphones,2,120.0,0.0,240.0,West
TXN-1094,2023-03-05,CUST-1375,60,Male,Apparel,Hat,3,18.0,0.15,45.9,West
TXN-1095,2023-02-23,CUST-1043,38,Female,Home Appliances,Microwave Oven,4,180.0,0.05,684.0,West
TXN-1096,2023-09-27,GUEST-UNKNOWN,40,Female,Apparel,Jacket,4,110.0,0.1,396.0,North
TXN-1097,2023-09-26,CUST-1311,65,Female,Apparel,Hat,1,18.0,0.2,14.4,East
TXN-1098,2023-07-23,CUST-1013,59,Female,Apparel,Jacket,3,110.0,0.25,247.5,North
TXN-1099,2023-09-23,CUST-1239,43,Female,Home Appliances,Vacuum Cleaner,4,160.0,0.1,576.0,South
TXN-1100,2023-01-19,CUST-1037,66,Male,Home Appliances,Vacuum Cleaner,3,160.0,0.25,360.0,West
TXN-1101,2023-12-06,CUST-1175,54,Female,Electronics,Wireless Headphones,1,120.0,0.25,90.0,East
TXN-1102,2023-02-27,CUST-1120,54,Female,Home Appliances,Refrigerator,2,850.0,0.2,1360.0,West
TXN-1103,2023-07-18,CUST-1040,35,Male,Home Appliances,Microwave Oven,4,180.0,0.05,684.0,North
TXN-1104,2023-04-03,CUST-1415,41,Female,Home Appliances,Coffee Maker,1,75.0,0.15,63.75,South
TXN-1105,2023-05-02,CUST-1050,43,Female,Apparel,Hat,1,18.0,0.05,17.1,North
TXN-1106,2023-06-17,CUST-1235,34,Female,Electronics,Laptop,1,950.0,0.25,712.5,North
TXN-1107,2023-12-15,CUST-1244,31,Male,Home Appliances,Air Conditioner,4,650.0,0.15,2210.0,North
TXN-1108,2023-09-29,CUST-1109,43,Male,Home Appliances,Air Conditioner,1,650.0,0.2,520.0,North
TXN-1109,2023-02-03,CUST-1124,60,Female,Apparel,Hat,2,18.0,0.05,34.2,North
TXN-1110,2023-11-16,CUST-1095,44,Male,Home Appliances,Vacuum Cleaner,4,160.0,0.05,608.0,South
TXN-1111,2023-11-06,GUEST-UNKNOWN,39,Female,Electronics,Smartphone,2,550.0,0.0,1100.0,North
TXN-1112,2023-05-17,CUST-1091,43,Male,Home Appliances,Refrigerator,2,850.0,0.25,1275.0,North
TXN-1113,2023-11-05,CUST-1177,27,Female,Electronics,Smartwatch,4,200.0,0.1,720.0,North
TXN-1114,2023-03-24,CUST-1105,52,Unknown,Electronics,Laptop,5,950.0,0.25,3562.5,North
TXN-1115,2023-11-10,CUST-1202,64,Female,Apparel,Jacket,5,110.0,0.15,467.5,North
TXN-1116,2023-04-18,CUST-1123,59,Male,Electronics,Smartphone,3,550.0,0.2,1320.0,North
TXN-1117,2023-05-29,CUST-1168,44,Female,Electronics,Wireless Headphones,1,120.0,0.0,120.0,East
TXN-1118,2023-04-10,CUST-1190,28,Female,Electronics,Laptop,4,950.0,0.05,3610.0,North
TXN-1119,2023-12-13,CUST-1044,28,Female,Apparel,T-Shirt,5,25.0,0.15,106.25,South
TXN-1120,2023-05-11,CUST-1361,52,Male,Electronics,Smartphone,3,550.0,0.1,1485.0,East
TXN-1121,2023-09-11,CUST-1348,55,Male,Apparel,Jacket,2,110.0,0.05,209.0,East
TXN-1122,2023-04-27,CUST-1199,65,Female,Apparel,Hat,4,18.0,0.05,68.4,West
TXN-1123,2023-10-04,CUST-1262,53,Female,Home Appliances,Refrigerator,5,850.0,0.25,3187.5,South
TXN-1124,2023-10-28,CUST-1400,37,Female,Apparel,Jacket,1,110.0,0.1,99.0,South
TXN-1125,2023-08-20,CUST-1479,39,Female,Home Appliances,Air Conditioner,5,650.0,0.2,2600.0,West
TXN-1126,2023-08-02,CUST-1158,37,Female,Apparel,T-Shirt,4,25.0,0.1,90.0,West
TXN-1127,2023-07-18,CUST-1364,33,Female,Electronics,Smartwatch,1,200.0,0.1,180.0,West
TXN-1128,2023-06-10,CUST-1145,56,Male,Electronics,Smartwatch,4,200.0,0.0,800.0,West
TXN-1129,2023-03-18,CUST-1037,34,Female,Electronics,Smartphone,5,550.0,0.1,2475.0,East
TXN-1130,2023-08-13,CUST-1445,59,Male,Electronics,Smartphone,1,550.0,0.15,467.5,East
TXN-1131,2023-01-04,CUST-1410,31,Male,Apparel,Jeans,4,60.0,0.2,192.0,East
TXN-1132,2023-10-16,CUST-1031,39,Female,Home Appliances,Coffee Maker,1,75.0,0.05,71.25,South
TXN-1133,2023-01-17,CUST-1467,22,Male,Apparel,Hat,5,18.0,0.05,85.5,North
TXN-1134,2023-03-30,CUST-1064,59,Male,Electronics,Tablet,5,350.0,0.1,1575.0,North
TXN-1135,2023-05-07,CUST-1128,52,Female,Electronics,Tablet,4,350.0,0.1,1260.0,North
TXN-1136,2023-04-14,CUST-1193,54,Male,Home Appliances,Air Conditioner,3,650.0,0.15,1657.5,North
TXN-1137,2023-02-13,CUST-1267,25,Female,Apparel,Hat,1,18.0,0.0,18.0,East
TXN-1138,2023-10-24,CUST-1358,44,Male,Apparel,Running Shoes,1,85.0,0.15,72.25,South
TXN-1139,2023-08-31,CUST-1360,23,Unknown,Apparel,Hat,5,18.0,0.15,76.5,West
TXN-1140,2023-08-06,CUST-1347,34,Male,Home Appliances,Refrigerator,2,850.0,0.15,1445.0,North
TXN-1141,2023-09-18,CUST-1263,43,Female,Apparel,Running Shoes,3,85.0,0.25,191.25,North
TXN-1142,2023-10-30,CUST-1492,43,Female,Apparel,Jacket,5,110.0,0.1,495.0,South
TXN-1143,2023-12-04,CUST-1354,66,Unknown,Electronics,Smartphone,4,550.0,0.15,1870.0,West
TXN-1144,2023-10-08,CUST-1437,61,Female,Home Appliances,Coffee Maker,4,75.0,0.2,240.0,West
TXN-1145,2023-09-13,GUEST-UNKNOWN,57,Male,Electronics,Tablet,4,350.0,0.15,1190.0,North
TXN-1146,2023-05-23,CUST-1069,62,Female,Electronics,Smartwatch,4,200.0,0.15,680.0,South
TXN-1147,2023-09-28,CUST-1368,25,Male,Home Appliances,Vacuum Cleaner,2,160.0,0.2,256.0,East
TXN-1148,2023-02-22,CUST-1325,21,Female,Electronics,Smartwatch,4,200.0,0.2,640.0,North
